접수번호,접수일자,농장코드,농장명,구분,담당수의사,질병명,검사종류,결과,PDF_파일ID,파일명
,,,,,,,,,,
26-01739_항원,2026-02-27,DB1001,성진,직영,양승혁,PRRS,항원,,1RcTPAc-W0KWSn_e1j0O1OujJJ7hXuvNV,
26-01738_항원,2026-02-27,DB1001,성진,직영,양승혁,PRRS,항원,,19TOKr51aRAGOQ-zhz8pzUuaikLhhoiF5,
26-01739_혈청,2026-02-27,DB1001,성진,직영,양승혁,PRRS,혈청,,1_7lMo0tRREpEoIPgc2fAk2Dnh6AOyfOA,
26-01738_혈청,2026-02-27,DB1001,성진,직영,양승혁,PRRS,혈청,,1nCWKMcuefpELpDBWEqNRTsXO3z8gjhdf,
26-01595_,2026-02-27,(세균) 26-01595 한보축산(곰팡이독소),(세균) 26-01595 한보축산(곰팡이독소),-,-,PRRS,,,1UMlD-ddShLRsPKJ1JxZdBor6MG4gR8UP,
26-01718_항원,2026-02-26,DB1001,성진,직영,양승혁,PRRS,항원,,1egdtX0Ur7MJ_6paUX93dA9ASaZ_fbJ5R,
26-01718_혈청,2026-02-26,DB1001,성진,직영,양승혁,PRRS,혈청,,1zTHGF4JFq67-B5Y8fmJaV8S456pEAZ-8,
26-01685_항원,2026-02-26,DB1001,성진,직영,양승혁,PRRS,항원,,1EDKYyPQo6oTBUTHOKNORn2AjSvXf8fGf,
26-01685_혈청,2026-02-26,DB1001,성진,직영,양승혁,PRRS,혈청,,1ND1rWq9TbAhbBVxPGNa_lwUSIVwBCTYy,
26-01660_혈청,2026-02-25,DB1001,성진,직영,양승혁,PRRS,혈청,,1__iTlM_lF1eKkYCgtNlzMqRW1rg5_TRK,
26-01660_항원,2026-02-25,DB1001,성진,직영,양승혁,PRRS,항원,,1BmnoB2hKzCZGRL0Hu_JjVBfwANNCbxze,
26-01243_,2026-02-23,DB1001,성진,직영,양승혁,PRRS,,,1tFkRA1HzfHiv3jtLMsYQ9M8NXKYg8h0_,
26-01567_혈청,2026-02-21,DB1001,성진,직영,양승혁,PRRS,혈청,,1mEMfhqsYm0Stzyp0zpTWNnNMkOlU1A2l,
26-01567_항원,2026-02-21,DB1001,성진,직영,양승혁,PRRS,항원,,1qeK9VnSTK5LMAdVuCsc8LMWC_ajipWGK,
26-01514_항원,2026-02-20,DB1001,성진,직영,양승혁,PRRS,항원,,12gqav--zqjIKMP64ROUHTgFxc9vh_btt,
26-01515_혈청,2026-02-20,DB1001,성진,직영,양승혁,PRRS,혈청,,1a5o4FiLV22Gsz3HvrKxKGwW-r7rma6M-,
26-01430_항원,2026-02-14,DB1001,성진,직영,양승혁,PRRS,항원,,13sQr1XbzPSLKcD24f83HCd9UlZM5ZPVO,
26-01429_항원,2026-02-14,DB1001,성진,직영,양승혁,PRRS,항원,,1xmpudUBSXOoUiLHJm_nr4ESeSu9RMra7,
26-01428_항원,2026-02-14,DB1001,성진,직영,양승혁,PRRS,항원,,1Cl3G68XabCVYl7SqqbRxmp-PSa8tXPcK,
26-01427_항원,2026-02-14,DB1001,성진,직영,양승혁,PRRS,항원,,1Swmqfwh_lIA-x8H45_ohe-DCxqgvQg-T,
26-01431_혈청,2026-02-14,DB1001,성진,직영,양승혁,PRRS,혈청,,1BQFEgki-l0qJU40IHciX4gyFzWB8K7G1,
26-01430_혈청,2026-02-14,DB1001,성진,직영,양승혁,PRRS,혈청,,1X6fVScQ-7KrYunJIoPNlMZyECmM8g9i-,
26-01429_혈청,2026-02-14,DB1001,성진,직영,양승혁,PRRS,혈청,,1VJGmudAsq0Nn3tVMJoTyOf7K6HPUbUuV,
26-01428_혈청,2026-02-14,DB1001,성진,직영,양승혁,PRRS,혈청,,1cxT_2vEWEuDg0yasaa_sG22UNZb7gcuM,
26-01427_혈청,2026-02-14,DB1001,성진,직영,양승혁,PRRS,혈청,,1LJiMOMBbjGnGPGcdZqvI3u5HYQrK5Jl4,
26-01419_항원,2026-02-13,DB1001,성진,직영,양승혁,PRRS,항원,,1mG-daq5xcQ-zmkocehMbeKjSkZxTQMzx,
26-01419_혈청,2026-02-13,DB1001,성진,직영,양승혁,PRRS,혈청,,1DHq0VAh1rTM1dm0_SlRgDtNMtcjHnq49,
26-01327_항원,2026-02-12,DB1001,성진,직영,양승혁,PRRS,항원,,1qgt9E2HhSYTZQ2yLtUu0YLP_UlpVwpvE,
26-01326_항원,2026-02-12,DB1001,성진,직영,양승혁,PRRS,항원,,1xMQMkqzrV3KYoUBKlu92yY9byyTnSD2M,
26-01136_,2026-02-12,(염기서열분석) 26-01136 DB2011,(염기서열분석) 26-01136 DB2011,-,-,PRRS,,,1vrjsF9sL1ETixipqtKLpaYZ4B34nFcbS,
26-01327_혈청,2026-02-12,DB1001,성진,직영,양승혁,PRRS,혈청,,11YfXuit6oefmzcd5Ecte4EeTLsC0YUUI,
26-01326_혈청,2026-02-12,DB1001,성진,직영,양승혁,PRRS,혈청,,11RiNrS4sNmetYoeb_1b7gKc7JTvR9_ht,
26-01161_,2026-02-12,(염기서열분석) 26-01161 DB2011,(염기서열분석) 26-01161 DB2011,-,-,PRRS,,,1VljRjnUSRwhW0sNnxUPcjJKdcYpw9PTn,
26-01243_항원,2026-02-10,DB1001,성진,직영,양승혁,PRRS,항원,,1WQ77yc7O1mPJhnei6DFnKZ6JKcxck_xW,
26-01243_혈청,2026-02-10,DB1001,성진,직영,양승혁,PRRS,혈청,,1o7vKI1BPeE7EujzgZUO1LSusSqM4ciB1,
26-01225_항원,2026-02-09,DB1001,성진,직영,양승혁,PRRS,항원,,1Gxt9GxVtcbP2geBYQTZFB0pSF0abz8Uz,
26-01225_혈청,2026-02-09,DB1001,성진,직영,양승혁,PRRS,혈청,,1NlMZsu8KIvENabOm8mmBdPENvRsH6Jmf,
26-01172_혈청,2026-02-06,DB1001,성진,직영,양승혁,PRRS,혈청,,1YThd3iPU7iFp8y9ccfO7aVsO3ESqhpqp,
26-01171_혈청,2026-02-06,DB1001,성진,직영,양승혁,PRRS,혈청,,1ry4EqrNUMad9KQyiaEvYXcISCD0PeBSo,
26-01172_항원,2026-02-06,DB1001,성진,직영,양승혁,PRRS,항원,,1d_5C41xuwSfFSo5JXvGcTEdqFcpP9yff,
26-01171_항원,2026-02-06,DB1001,성진,직영,양승혁,PRRS,항원,,1XJzncDsvz4OU3CdpWNx08gFff20gdb03,
_,2026-02-06,DB2012,원산,직영,이희원,PRRS,,,110nCswU1H8JIqesS52iX9sKn8fIruDHJ,
26-01093_,2026-02-06,DB2012,원산,직영,이희원,PRRS,,,16d07NRpmPb5CFSGCqBGnTcsCmUkHcufK,
26-01135_항원,2026-02-06,DB1001,성진,직영,양승혁,PRRS,항원,,1F_KMHq-sYr9Md8GCy2mCXkK3ntkqGeFY,
26-01136_항원,2026-02-05,DB1001,성진,직영,양승혁,PRRS,항원,,1OEEJUXe5MRL2XKXyx4E44HZ-5f0UMmsh,
26-01137_항원,2026-02-05,DB1001,성진,직영,양승혁,PRRS,항원,,1YW6mV-DEjBFz0GExpom0YWDRmnvfr_yf,
26-01137_혈청,2026-02-05,DB1001,성진,직영,양승혁,PRRS,혈청,,11K6aWnzcjGhcA3BhvIfZJXw9op8xJt-h,
26-01136_혈청,2026-02-05,DB1001,성진,직영,양승혁,PRRS,혈청,,1VNWU9dh5lsN6gxxsa8V5y9LBiIXeSPYH,
26-01135_혈청,2026-02-05,DB1001,성진,직영,양승혁,PRRS,혈청,,1QzOvvB6DJ1rLutklFuq4LgG6FryZHnSB,
26-01092_혈청,2026-02-04,DB1001,성진,직영,양승혁,PRRS,혈청,,1oLBJ96dHSME7T5UX1w7WuN5j7t7evvj8,
26-01093_항원,2026-02-04,DB1001,성진,직영,양승혁,PRRS,항원,,1JFrTyNEDq8_LesegUKgEmTYx-AQQt8Ka,
26-01092_항원,2026-02-04,DB1001,성진,직영,양승혁,PRRS,항원,,1Cp2f7AINuDM2UtpfCo5dKxvx_DJLSvRj,
26-01093_혈청,2026-02-04,DB1001,성진,직영,양승혁,PRRS,혈청,,1vlY88aorAz9VkYU-L7f3N6EGVNpB3RgL,
26-01031_항원,2026-02-02,DB1001,성진,직영,양승혁,PRRS,항원,,18Gron_T3klyKCixMNQfunJ4IMpABFwrb,
26-01031_혈청,2026-02-02,DB1001,성진,직영,양승혁,PRRS,혈청,,16459SOSbPF8lAOA3c7mf910-VDJJL7sL,
26-00955_항원,2026-01-30,DB1001,성진,직영,양승혁,PRRS,항원,,1hhTu1LqwHWEwCCfYJxeNRzxiTK2h3Ug7,
26-00990_항원,2026-01-30,DB1001,성진,직영,양승혁,PRRS,항원,,1cKmXRHxYVbOsXxZInpxLhygsUt9tvN1I,
26-00954_항원,2026-01-30,DB1001,성진,직영,양승혁,PRRS,항원,,1WzOTaFn8HcUYhvRb5VB6nzJdsGdsYCgr,
26-00990_혈청,2026-01-30,DB1001,성진,직영,양승혁,PRRS,혈청,,1KQNRPuEeEUsaJcsfgVkZL6xonmVdoKja,
26-00955_혈청,2026-01-30,DB1001,성진,직영,양승혁,PRRS,혈청,,1Phn1NjLdtQo6DL0BlwOk-nTS1pWYxUcV,
26-00954_혈청,2026-01-30,DB1001,성진,직영,양승혁,PRRS,혈청,,172XV7enOVRwMhnBkLBZ82puZA6Ve0Jcs,
26-00927_항원,2026-01-30,DB1001,성진,직영,양승혁,PRRS,항원,,1wkmFV4gRzhWta1aYc0bEumTGW-jPf0CW,
26-00927_혈청,2026-01-29,DB1001,성진,직영,양승혁,PRRS,혈청,,1s9X-GTctLGkWH1mvXhpSQFZpDZMJCLg8,
26-00783_,2026-01-29,DB1003,디앤디,직영,고상억,PRRS,,,1lHP6Fb8d1K8Fq9E_o9C8Dz1-Ih8lvggK,
26-00802_항원,2026-01-26,DB1001,성진,직영,양승혁,PRRS,항원,,1EK4yDSqSGjwPrhxlkkfgKkhMtCxNyppq,
26-00783_항원,2026-01-26,DB1001,성진,직영,양승혁,PRRS,항원,,1QBC8QmvYL4h9MQOiaF6d6O402PMcP2K3,
26-00802_혈청,2026-01-26,DB1001,성진,직영,양승혁,PRRS,혈청,,19RzlUFJKJBIDid1qsMo9AZpJdphgiRh3,
26-00782_항원,2026-01-24,DB1001,성진,직영,양승혁,PRRS,항원,,1wr89I1cr6aez6JuaYjY7k4toBtf2aV3E,
26-00782_혈청,2026-01-24,DB1001,성진,직영,양승혁,PRRS,혈청,,1nNPaVGGWW0toXdt1rjRNzU_us1F9T_yM,
26-00704_항원,2026-01-22,DB1001,성진,직영,양승혁,PRRS,항원,,1evo8b7v4tyQxiynTjBn2XPejwG738uWC,
26-00704_혈청,2026-01-22,DB1001,성진,직영,양승혁,PRRS,혈청,,1pXtTzq-J_t1QZ1a-p1NH8qLbFSNoZfta,
26-00582_,2026-01-22,(세균) 26-00582 금포농장,(세균) 26-00582 금포농장,-,-,PRRS,,,1l_q1eCWkm76LgnvAiRKpbiM3QHPmURMF,
26-00594_항원,2026-01-20,DB1001,성진,직영,양승혁,PRRS,항원,,1-ziJvl0s0Syf-cKuxusW3jw6TaxADqC0,
26-00594_혈청,2026-01-20,DB1001,성진,직영,양승혁,PRRS,혈청,,1Mig7ex6Vo8YC7mRMuisDWtFGwFrCC0v5,
26-00582_항원,2026-01-19,DB1001,성진,직영,양승혁,PRRS,항원,,16a1EVfy-5fY32p62LeTDWJH1nmUy5jEz,
26-00576_항원,2026-01-19,DB1001,성진,직영,양승혁,PRRS,항원,,1vDPmkLFZfB4Nyk_XLczy9ggLMy3CBfkZ,
26-00576_혈청,2026-01-19,DB1001,성진,직영,양승혁,PRRS,혈청,,1lSuFccbd_8yTZJhyxtDKomZUpTk1siJV,
26-00562_항원,2026-01-17,DB1001,성진,직영,양승혁,PRRS,항원,,1RiicxfVhiqIYT2AMe7FP_Ev821v_cvbF,
26-00562_혈청,2026-01-17,DB1001,성진,직영,양승혁,PRRS,혈청,,1qlLoQjb3MZt89Ltq1GpzPUBdd-P_5l_G,
26-00561_항원,2026-01-17,DB1001,성진,직영,양승혁,PRRS,항원,,1RszLJwEuABxbC_vNF_n7D4iX8Z8O2A2I,
26-00561_혈청,2026-01-17,DB1001,성진,직영,양승혁,PRRS,혈청,,1w7QCU02u_CzYh-94y4iH3xLbbXZQhLb8,
26-00510_항원,2026-01-16,DB1001,성진,직영,양승혁,PRRS,항원,,1ZvM70dRuyhHATgp6Lm30EHpTWyEnLASJ,
26-00509_항원,2026-01-16,DB1001,성진,직영,양승혁,PRRS,항원,,1ArmWnFlIfCCaAzyjWgCgAAKjtD5M27vY,
26-00510_혈청,2026-01-16,DB1001,성진,직영,양승혁,PRRS,혈청,,1UDk9xD9mUhk_NnsyiaLZY7c8GWB8eHyM,
26-00509_혈청,2026-01-16,DB1001,성진,직영,양승혁,PRRS,혈청,,1ZELIBTO3NQgI5cESME5-sUWcqTf8ctPI,
26-00465_항원,2026-01-15,DB1001,성진,직영,양승혁,PRRS,항원,,1gBN93jpv3B4HZTWOm5iPH2R2QArxp6Kf,
26-00360_항원,2026-01-13,DB1001,성진,직영,양승혁,PRRS,항원,,10YrG5s6Nz7_u2Ag6Dmj14RwGxgTjFB4N,
26-00322_항원,2026-01-10,DB1001,성진,직영,양승혁,PRRS,항원,,1xjaLW5YmH0T5WmTu2q1v1cSsuNsUXd9a,
26-00278_항원,2026-01-09,DB1001,성진,직영,양승혁,PRRS,항원,,1BFbqEr0MIiybl7g-Di2D6q5nglpOsGSF,
26-00211_항원,2026-01-08,DB1001,성진,직영,양승혁,PRRS,항원,,18k-5BM_sBwSi6OmiaxKVbUsuoIlUEPjn,
26-00210_항원,2026-01-08,DB1001,성진,직영,양승혁,PRRS,항원,,1jkdZVmnviItv_Qk5a-AfKHO09HdWdvci,
26-00211_혈청,2026-01-08,DB1001,성진,직영,양승혁,PRRS,혈청,,1Ag-PYmxyvbnbYTKlO5jWAIJopcu5YBbI,
26-00210_혈청,2026-01-08,DB1001,성진,직영,양승혁,PRRS,혈청,,18DPfhrcPwv3Fk0HsbDdLW-bNB-5IpBfi,
26-00155_항원,2026-01-08,DB1001,성진,직영,양승혁,PRRS,항원,,1NdWDKiB8R7MmDnCwUBds7D6RV84w-iyD,
26-00086_혈청,2026-01-06,DB1001,성진,직영,양승혁,PRRS,혈청,,1zBUA4dCVI_Q29UpryGhJ3TyxiR5fZFju,
26-00032_항원,2026-01-03,DB1001,성진,직영,양승혁,PRRS,항원,,1mjniK7yHyARG_QJIL5J2ImCrGQQLd4dP,
26-00030_항원,2026-01-03,DB1001,성진,직영,양승혁,PRRS,항원,,1nPzDc_Y6-1b4lHoyVgSqCbf8oSJuX-Bt,
26-00029_항원,2026-01-03,DB1001,성진,직영,양승혁,PRRS,항원,,1nJUSag99-OgT_oBY45O-ARvemCXTwbiZ,
26-00029_혈청,2026-01-03,DB1001,성진,직영,양승혁,PRRS,혈청,,1sdLyYkVtZ9zgy-G6R70ctxMWU1UJwM3R,
26-00010_항원,2026-01-02,DB1001,성진,직영,양승혁,PRRS,항원,,1Vw09Tb7pjDC70TSQsshgwSLIXQeTZLMx,
26-00009_항원,2026-01-02,DB1001,성진,직영,양승혁,PRRS,항원,,1PLa8GAjk47xwEWi1x81r_uSW6UXamSf-,
26-00010_혈청,2026-01-02,DB1001,성진,직영,양승혁,PRRS,혈청,,1SCYP6s-YC-0jEctKsF0LzhSgSZcER1FH,
26-00009_혈청,2026-01-02,DB1001,성진,직영,양승혁,PRRS,혈청,,1-NKKHAMOBVxWXyREx3K0YJXlYQ9YvRxB,
25-12687_항원,2025-12-31,DB1001,성진,직영,양승혁,PRRS,항원,,1HmPMN2UmjqJMZLWtjZRymTobRxk_8IEd,
25-12686_항원,2025-12-30,DB1001,성진,직영,양승혁,PRRS,항원,,1Q1StJrspuyflXvin7XD5EjOd-dLoziZX,
25-12687_혈청,2025-12-30,DB1001,성진,직영,양승혁,PRRS,혈청,,17sBfuVTOOi4azjIfmY_OJ-u2wX3FDEJZ,
25-12660_혈청,2025-12-29,DB1001,성진,직영,양승혁,PRRS,혈청,,1ogcPMVKQhSFbjVRJeNqPW3LpHj1BRknn,
25-12660_항원,2025-12-29,DB1001,성진,직영,양승혁,PRRS,항원,,1Fxf_7VP5kZUhBGKLCDORWuS7GpEUodtq,
25-12625_항원,2025-12-27,DB1001,성진,직영,양승혁,PRRS,항원,,1r61Ub-xZkdwUUCGXNtNfQnBdj1ss_2Kw,
25-12626_혈청,2025-12-27,DB1001,성진,직영,양승혁,PRRS,혈청,,1MWgTPxgCBWkzhVG-NnrIheJcVpkLibgh,
25-1343_,2025-12-26,DB1001,성진,직영,양승혁,PRRS,,,1S_JVJrBAr1xelJMPJTBdJdOouaiRATzy,
25-12537_,2025-12-24,(qPCR) 25-12537 DA2006 -PRRS,(qPCR) 25-12537 DA2006 -PRRS,-,-,PRRS,,,1hgAaOpAjxwXId_bT7_Rxr-TYLmefPa2Q,
25-12536_항원,2025-12-24,DB1001,성진,직영,양승혁,PRRS,항원,,1t_n8q-xxLuhJzoih5sBnxdS1GKvslSjb,
25-12435_혈청,2025-12-22,DB1001,성진,직영,양승혁,PRRS,혈청,,1sgnwfXAmNrE19la9ING3u4M2ilcn0ovj,
25-12415_항원,2025-12-20,DB1001,성진,직영,양승혁,PRRS,항원,,1GAje6SFZupXAU7BGvCh0J9rXYo58hIwU,
25-12415_혈청,2025-12-20,DB1001,성진,직영,양승혁,PRRS,혈청,,1PnZld1SE7YXQZFUL844aeMAusxBTOuZx,
25-12333_항원,2025-12-18,DB1001,성진,직영,양승혁,PRRS,항원,,1G8A8qKumP7Ib_SgZ1RF4nNvIwvQb13G0,
25-12333_혈청,2025-12-18,DB1001,성진,직영,양승혁,PRRS,혈청,,1HOrZFR478w_p0AOvTdVnJLuInrwLhjKh,
25-12211_,2025-12-16,(qPCR) 25-12211 DA2006-PRRS,(qPCR) 25-12211 DA2006-PRRS,-,-,PRRS,,,1dJFNWx-gw7yIBILBcOA9XiS68CI2Tihz,
25-12209_항원,2025-12-16,DB1001,성진,직영,양승혁,PRRS,항원,,1-wPWWLE3aFHTyp-VewhBJ-HcY6Op6m_a,
25-12210_항원,2025-12-16,DB1001,성진,직영,양승혁,PRRS,항원,,1_W0SHKYEjWD3UWMI6mnR95hdopan_fKQ,
25-12210_혈청,2025-12-16,DB1001,성진,직영,양승혁,PRRS,혈청,,1WT4ATgaJCFccGdC0EyjfdaOG0oleJSL-,
25-12209_혈청,2025-12-16,DB1001,성진,직영,양승혁,PRRS,혈청,,1viVBAUNCJK-8bdYriF4kZskxEVnwT4dS,
25-12009_,2025-12-15,DB3015,성일,협력,양승혁,PRRS,,,1vXUmVbrECgAilcpvz_Qb9k2xwql8kTg1,
25-12182_항원,2025-12-15,DB1001,성진,직영,양승혁,PRRS,항원,,1aioFuwFIMGT6DJ5zT61rtTBmufkYhUv-,
25-12182_혈청,2025-12-15,DB1001,성진,직영,양승혁,PRRS,혈청,,180EkFTQhjygduAhNEr352ClJYE0ofEE1,
25-12159_혈청,2025-12-13,DB1001,성진,직영,양승혁,PRRS,혈청,,1gSHNSxAMZY-IW2E8rUd5k56QDuzgl3k3,
25-12158_혈청,2025-12-13,DB1001,성진,직영,양승혁,PRRS,혈청,,15b5OnbQmbL5orK9LSzvj2yFrXipfjMWy,
25-12159_항원,2025-12-13,DB1001,성진,직영,양승혁,PRRS,항원,,1kbiI_VbkCB6PsN_QKdhW-LJ2wa0hdPRK,
25-12158_항원,2025-12-13,DB1001,성진,직영,양승혁,PRRS,항원,,1relWGdv66RcsGaA1bvgNolaA_ogCjcyI,
25-12048_,2025-12-12,DB2012,원산,직영,이희원,PRRS,,,1Akhy1q7jZ_8OtSpg-43ZBGg4gWQJjIq-,
25-12056_항원,2025-12-11,DB1001,성진,직영,양승혁,PRRS,항원,,15-moo9kJ8nDfaqsKqsFwxPYzI3xb7F3E,
25-12056_혈청,2025-12-11,DB1001,성진,직영,양승혁,PRRS,혈청,,12YXSD7c7skhOxXE60T7xMRmH_pRkkBc-,
25-11938_,2025-12-11,(염기서열분석) 25-11938 DB3022,(염기서열분석) 25-11938 DB3022,-,-,PRRS,,,1bZMUEs-xb4Gwx3Y7xM4k1GiH38xDcVwJ,
25-11975_,2025-12-11,(염기서열분석) 25-11975 DB2005-2,(염기서열분석) 25-11975 DB2005-2,-,-,PRRS,,,1jGD0uJcuQF89czUpcx3Ds1zq5DRs1nSd,
25-12036_항원,2025-12-10,DB1001,성진,직영,양승혁,PRRS,항원,,1F_QmfL8E9zHv4-l1at72EWmyKzhenZKk,
25-11916_,2025-12-10,DB2006,대월,직영,고상억,PRRS,,,1rKO7XL2ZL6pvqOFkkGtrRnX4CulXHqY8,
25-11984_항원,2025-12-09,DB1001,성진,직영,양승혁,PRRS,항원,,1_t_hbu-o1Gig-7egMfkEbzHv4i4SmI0s,
25-11976_항원,2025-12-09,DB1001,성진,직영,양승혁,PRRS,항원,,1fs09vD9Dw5zd7p_7vMvbS-AEQBk0nfoX,
25-11977_항원,2025-12-09,DB1001,성진,직영,양승혁,PRRS,항원,,16cDIRUcY70s_eWg7T4A0wGYZzfGdF4OC,
25-11975_항원,2025-12-09,DB1001,성진,직영,양승혁,PRRS,항원,,1uKwUlC0CPvIerGRtVT8IPmLqi3abr5HZ,
25-11939_항원,2025-12-09,DB1001,성진,직영,양승혁,PRRS,항원,,1H_hI42T0P_RUwsDRkjq4OV5jmy-dejNf,
25-11938_항원,2025-12-09,DB1001,성진,직영,양승혁,PRRS,항원,,1cN0TR94t9UyDiY5QVMTpvajngbZReRvu,
25-11938_혈청,2025-12-09,DB1001,성진,직영,양승혁,PRRS,혈청,,16nzI90DOAwYVF3AIG5wATYpOdZSmcora,
25-11975_혈청,2025-12-09,DB1001,성진,직영,양승혁,PRRS,혈청,,1232uEL-1RjEStPdIKBAhkz0jXU0zk1U0,
25-11939_혈청,2025-12-09,DB1001,성진,직영,양승혁,PRRS,혈청,,1dfa2--SIhtz8Py8wlQcxXvMTaGB0TCvv,
25-11984_혈청,2025-12-09,DB1001,성진,직영,양승혁,PRRS,혈청,,1RZqBKWySvlrWBrVsGx1nUeW1T-kl1F8L,
25-11977_혈청,2025-12-09,DB1001,성진,직영,양승혁,PRRS,혈청,,1eYCE0tCdiPhemj_7fdSQKtdZu9mdkKYr,
25-11976_혈청,2025-12-09,DB1001,성진,직영,양승혁,PRRS,혈청,,1o80gyd1kZRGp6v-dYfYNCVokvbw4JoP2,
25-11973_혈청,2025-12-09,DB1001,성진,직영,양승혁,PRRS,혈청,,1cZCJYCj4UI2jrC8a_Bohx0VFtWuxNIwW,
25-11916_항원,2025-12-09,DB1001,성진,직영,양승혁,PRRS,항원,,1medcSACgpTDA8a8__0pCVm8NNbWdR7HW,
25-11916_혈청,2025-12-08,DB1001,성진,직영,양승혁,PRRS,혈청,,1HkHmyChmC1ziCbm3S-AXB7QoZKABHf9j,
25-11913_항원,2025-12-08,DB1001,성진,직영,양승혁,PRRS,항원,,1o0__wKc1mBqgcKaaBjprBHDPRlL4DHPH,
25-11914_혈청,2025-12-08,DB1001,성진,직영,양승혁,PRRS,혈청,,1nENgTpLjvE54dJIoEJu54o5PX4j_vii2,
25-11913_혈청,2025-12-08,DB1001,성진,직영,양승혁,PRRS,혈청,,1aOUv6AhshYaknZWgAJVaVOkDeX6YPk-h,
25-11886_항원,2025-12-06,DB1001,성진,직영,양승혁,PRRS,항원,,1sF9o7fUfE4ig8JinubRePlAVTtHD0yGi,
25-11886_혈청,2025-12-06,DB1001,성진,직영,양승혁,PRRS,혈청,,1o20eVVAmwdUAnVQTo6g9GeOWrcKjhmFh,
25-11776_항원,2025-12-04,DB1001,성진,직영,양승혁,PRRS,항원,,1nEQEwBG4daSuSbbR5wsodiil0_5cu4Pl,
25-11777_혈청,2025-12-04,DB1001,성진,직영,양승혁,PRRS,혈청,,1sWBa4wx5_mKPqGtN6EGlZPW4ps_EdYPQ,
25-11776_혈청,2025-12-04,DB1001,성진,직영,양승혁,PRRS,혈청,,166tpM4RlbOHrOHSR1fRpA9vg_bTUm6xl,
25-11720_항원,2025-12-03,DB1001,성진,직영,양승혁,PRRS,항원,,17Q66zDNsv-0nHEbaKwLLlIqXDGoxgIUo,
25-11720_혈청,2025-12-03,DB1001,성진,직영,양승혁,PRRS,혈청,,1XYG3kWU6tkw3YXRzeYi_RG9CK8j9HMGr,
25-11677_항원,2025-12-02,DB1001,성진,직영,양승혁,PRRS,항원,,1UxIBAR5KQ0sCPSO5Wc4Zc2RXqPtXTU7k,
25-11676_항원,2025-12-02,DB1001,성진,직영,양승혁,PRRS,항원,,1URvgWez9IT7Uopx-wXmDiqdrH6_AdymX,
25-11696_혈청,2025-12-02,DB1001,성진,직영,양승혁,PRRS,혈청,,1wdUrxyVx9a5RjSYG6EFJvCjKL299uJ9N,
25-11677_혈청,2025-12-02,DB1001,성진,직영,양승혁,PRRS,혈청,,1HvXghgfqkX7a1ZiHpgAJUw3stnRP0kq_,
25-11676_혈청,2025-12-02,DB1001,성진,직영,양승혁,PRRS,혈청,,1Ukqm1gFSp6u7X4wSOsiSqPJY4sID8gnr,
25-11640_항원,2025-11-29,DB1001,성진,직영,양승혁,PRRS,항원,,16yoYCap6VkY2Rly6-v0FIs_MQVbDV03p,
25-11630_항원,2025-11-29,DB1001,성진,직영,양승혁,PRRS,항원,,1YK3IXC5eTD5jUx-g6lX-rGDYcVkPUSpz,
25-11629_항원,2025-11-29,DB1001,성진,직영,양승혁,PRRS,항원,,1pbdH4P6ZNjbkR620pNVh9rA0AV7bakRY,
25-11630_혈청,2025-11-29,DB1001,성진,직영,양승혁,PRRS,혈청,,1INV1_RBHTbifaiwHFL7IJWMj6tF7RJiD,
25-11629_혈청,2025-11-29,DB1001,성진,직영,양승혁,PRRS,혈청,,1XVn9V838DIx0CDP-i9doGsyyPNnVm5OI,
25-11553_혈청,2025-11-27,DB1001,성진,직영,양승혁,PRRS,혈청,,1dI7CQE2vb8cE4BWPRPwpODsUaI4Icwc4,
25-11489_혈청,2025-11-25,DB1001,성진,직영,양승혁,PRRS,혈청,,1UNcCiastJkR34g4KgxvWiluJhYCD-4pk,
25-11433_항원,2025-11-25,DB1001,성진,직영,양승혁,PRRS,항원,,1POuK-pgqViRzp8uff7m8koGw0AjLMyaA,
25-11441_혈청,2025-11-24,DB1001,성진,직영,양승혁,PRRS,혈청,,1H79csI8S1EEj-keXVPEVm-V0y5kRO-no,
25-11165_,2025-11-21,(세균) 25-11165 DB3002,(세균) 25-11165 DB3002,-,-,PRRS,,,1gkSgWsKDMXyIVVad3ql2DvDYUVvzgqK9,
25-11225_항원,2025-11-19,DB1001,성진,직영,양승혁,PRRS,항원,,1SDkjtdXdDOyNBw2rvG8QUx2pRY4rLnSb,
25-11225_혈청,2025-11-19,DB1001,성진,직영,양승혁,PRRS,혈청,,1YizhwbAZncgFI15aC1qWeKI_x6YCULlX,
25-11166_항원,2025-11-18,DB1001,성진,직영,양승혁,PRRS,항원,,1JrQRu1Lbs9Lm5DWQq2Qf8qdkOCoN9n9Y,
25-11165_항원,2025-11-18,DB1001,성진,직영,양승혁,PRRS,항원,,1tu2HleNmJMjaZs8HyUb6EftMm4r4RLxn,
25-11165_혈청,2025-11-18,DB1001,성진,직영,양승혁,PRRS,혈청,,1yAU5TGgXaviIpO20FaJ-ABr8VWf29rCL,
25-11138_항원,2025-11-18,DB1001,성진,직영,양승혁,PRRS,항원,,1peLDChRghWnQBag4r5ZIEazy2cQoI20R,
25-11137_혈청,2025-11-17,DB1001,성진,직영,양승혁,PRRS,혈청,,1zg6wBaLnEblB9StPN_NqV4S087uKo9hV,
25-11136_혈청,2025-11-17,DB1001,성진,직영,양승혁,PRRS,혈청,,1LleXDYKCFd5jYqzttGkN4EeE8pkDUQ5F,
25-11137_항원,2025-11-17,DB1001,성진,직영,양승혁,PRRS,항원,,1N1CcHTavjlAyFymFjkVXZR9VyK0zNQ1_,
25-11136_항원,2025-11-17,DB1001,성진,직영,양승혁,PRRS,항원,,18A_95QMHH75ydvHhMSfrauwyZ80PCCCY,
25-10880_혈청,2025-11-11,DB1001,성진,직영,양승혁,PRRS,혈청,,1hKU2VupucHxCtGTOPCD_LXhl1mWDWNYc,
25-10879_혈청,2025-11-11,DB1001,성진,직영,양승혁,PRRS,혈청,,14vaJxagHT5SyvlX3FCfqk1t7DisqKjIu,
25-10880_항원,2025-11-11,DB1001,성진,직영,양승혁,PRRS,항원,,1dvNhk2MzzsNO-IUnSQq4U6DLH0URa58u,
25-10879_항원,2025-11-11,DB1001,성진,직영,양승혁,PRRS,항원,,1_QaYp_mq65OWoTc4pmfkwteKLXMI4SpI,
25-10288_,2025-11-11,DB2009,해림,직영,이희원,PRRS,,,1Av_-Y5cfKiSuvq388Kg0iwtGQRi17eS_,
25-10412_항원,2025-11-11,DB1001,성진,직영,양승혁,PRRS,항원,,1C-cmwwd0pqjqy_htODV2zGAInI6s7wZr,
25-10854_항원,2025-11-10,DB1001,성진,직영,양승혁,PRRS,항원,,10vTmnZWi2yGrfSBTlqC1co9AbUK1EnU5,
25-10854_혈청,2025-11-10,DB1001,성진,직영,양승혁,PRRS,혈청,,1MyRSPaCoXVt0fNs1DEMp8B1MWiGj8Hoj,
15-1429_혈청,2025-11-10,DB1001,성진,직영,양승혁,PRRS,혈청,,13j5Qr8Sw_pD0B8wwcMLrqmQ2zwemqsdv,
15-1517_혈청,2025-11-10,DB1001,성진,직영,양승혁,PRRS,혈청,,1dqZ5qyYCN9fBHnqQhmr09bO1Qz8rPOl_,
25-10808_항원,2025-11-07,DB1001,성진,직영,양승혁,PRRS,항원,,1GDsS3CsH9BRa3-77z6Ec5tsFlFPG4-s2,
25-10808_혈청,2025-11-07,DB1001,성진,직영,양승혁,PRRS,혈청,,1YAl10hKbq4VCkQhEM2932ou5VIAihvSb,
25-10718_항원,2025-11-06,DB1001,성진,직영,양승혁,PRRS,항원,,1Dh5IIsTmHO1S_mZiavefatUBRzsxp79i,
25-10718_혈청,2025-11-06,DB1001,성진,직영,양승혁,PRRS,혈청,,1P_a-n9jcWJulWCxmKbdUDm5bKRGEn4rL,
25-10681_항원,2025-11-05,DB1001,성진,직영,양승혁,PRRS,항원,,1X9HyH-2XluQXpgKl0rFzez6gwSGs71Y7,
25-10681_혈청,2025-11-05,DB1001,성진,직영,양승혁,PRRS,혈청,,1m1TK596PVX4AKCEqUI1CI7SC_KjfciXt,
25-10640_항원,2025-11-05,DB1001,성진,직영,양승혁,PRRS,항원,,1WlDn8CA1QdjBLvHLTBLSScx6VkesPh4M,
25-10640_혈청,2025-11-05,DB1001,성진,직영,양승혁,PRRS,혈청,,1285NvkM8ogMdFMv6EVGHrhyAn0eOR7Q_,
25-10582_항원,2025-11-04,DB1001,성진,직영,양승혁,PRRS,항원,,1rfPTbI319gw-nSKLFLpIdtvM1W4y5ydV,
25-10582_혈청,2025-11-04,DB1001,성진,직영,양승혁,PRRS,혈청,,1uSllW9ipW8C5spcPzz2yocW-nE8evp_5,
25-10554_항원,2025-11-03,DB1001,성진,직영,양승혁,PRRS,항원,,1jTuWdU1ut6Ly6ciWmYkaVKk6mFeByjWM,
25-10553_항원,2025-11-03,DB1001,성진,직영,양승혁,PRRS,항원,,16FPsIySCKlCdxRcx_X_SCySeOYgc_5BU,
25-10554_혈청,2025-11-03,DB1001,성진,직영,양승혁,PRRS,혈청,,1-1-btRkuIwqdbgeLN4gtUOmB8Y6iowt1,
25-10529_항원,2025-11-03,DB1001,성진,직영,양승혁,PRRS,항원,,19c9RRababtPN7-cRMLI41DC95i4wtAX5,
25-10553_혈청,2025-11-03,DB1001,성진,직영,양승혁,PRRS,혈청,,1vs4Wg-z0fW6lQqanLpi6oN8w8Jw41FL3,
25-10530_항원,2025-11-01,DB1001,성진,직영,양승혁,PRRS,항원,,12dtyeQTRWjEU0aPge4d5tzH8afH0TtHK,
25-10528_항원,2025-11-01,DB1001,성진,직영,양승혁,PRRS,항원,,1ftGyPqhcCCQ_oi93vYw_MAsC7XBvUCQa,
25-10530_혈청,2025-11-01,DB1001,성진,직영,양승혁,PRRS,혈청,,1MGf9Cvraafv_7qg1ech0K8bPHMiZ5hW7,
25-10528_혈청,2025-11-01,DB1001,성진,직영,양승혁,PRRS,혈청,,1UCMQel_qBMs2X7rlIVuaM7zeVrC4THhJ,
25-10412_혈청,2025-10-31,DB1001,성진,직영,양승혁,PRRS,혈청,,1wtWNTJPKpJFKZmD6nKA4khncL9vWoqJ5,
25-10411_항원,2025-10-30,DB1001,성진,직영,양승혁,PRRS,항원,,1nq3iQ2zL6lRW0NsLbEPwoZ-HVE3x9agG,
25-10411_혈청,2025-10-30,DB1001,성진,직영,양승혁,PRRS,혈청,,1M1_yoGXEJvEj6_nPZJg8kj9QlMHkfkyH,
25-10335_혈청,2025-10-29,DB1001,성진,직영,양승혁,PRRS,혈청,,1wunv4AGf6NATAJ9OgSe_PIORMmMF9IWV,
25-10262_항원,2025-10-27,DB1001,성진,직영,양승혁,PRRS,항원,,1VLUShA2Ger7XBP27wgCnFzzKOB4p8sEs,
25-10263_혈청,2025-10-27,DB1001,성진,직영,양승혁,PRRS,혈청,,1gROtBrzIMemAKXeRdTeqQ4mnSWHhACXq,
25-10262_혈청,2025-10-27,DB1001,성진,직영,양승혁,PRRS,혈청,,1ZZv0hhq3Qmuw7P9rqmvE7Jc4zKi8uIDK,
25-10261_혈청,2025-10-27,DB1001,성진,직영,양승혁,PRRS,혈청,,14es0hnc8HcHE39SvXE-_WDNanAvZm8YY,
25-10151_항원,2025-10-23,DB1001,성진,직영,양승혁,PRRS,항원,,14YD9sAJwabyR2GUDBaLytF24UOSGVsSB,
25-10128_항원,2025-10-23,DB1001,성진,직영,양승혁,PRRS,항원,,15nJasS5n7mLTknfgK_k3OXtT5BS7h4mV,
25-10151_혈청,2025-10-23,DB1001,성진,직영,양승혁,PRRS,혈청,,1r_K8VWo8r6aOb4e-CGJeI_V0GnD_5kDE,
25-10110_항원,2025-10-23,DB1001,성진,직영,양승혁,PRRS,항원,,1yxLwEhrsuisLWh_uucdMRXX-VLC-qSaf,
25-10065_혈청,2025-10-22,DB1001,성진,직영,양승혁,PRRS,혈청,,1rjh30TVepRDvbvp_L1vaKRX3bE8ZjweA,
25-10065_항원,2025-10-22,DB1001,성진,직영,양승혁,PRRS,항원,,1t5k9cmA7_ouq_qTGTJkuKfwpX555ccwU,
25-10064_항원,2025-10-22,DB1001,성진,직영,양승혁,PRRS,항원,,1dzs-lH74IIR5GDMNw5ZFvFqohMxK_4rt,
25-09977_항원,2025-10-22,DB1001,성진,직영,양승혁,PRRS,항원,,1Zp9PYMq3NwWnSwEmlyXLGJZ_2j6KsfPr,
25-09971_항원,2025-10-20,DB1001,성진,직영,양승혁,PRRS,항원,,12_9YEtkpUxu76ZjPlk1dAzT3DKP6Oi6H,
25-09970_항원,2025-10-20,DB1001,성진,직영,양승혁,PRRS,항원,,1VETa6Sy6zIYlEbVKYTsL8073UQA0OxUN,
25-09973_항원,2025-10-20,DB1001,성진,직영,양승혁,PRRS,항원,,1GiYsYHRmxe8LegheX5nBblacTI8VsqUg,
25-09972_항원,2025-10-20,DB1001,성진,직영,양승혁,PRRS,항원,,1q092nM48Og9flAfC7UWr3CKredAXX52A,
25-09945_,2025-10-20,(생화학분석)25-09945 다비연구소,(생화학분석)25-09945 다비연구소,-,-,PRRS,,,1lxsmHm_FG2UJl1lVU68nxRLK0mpez4X7,
25-09972_혈청,2025-10-20,DB1001,성진,직영,양승혁,PRRS,혈청,,1bhImLMANtCb3EW9bQudXN7-LAUk4mdkP,
25-09971_혈청,2025-10-20,DB1001,성진,직영,양승혁,PRRS,혈청,,1v7IYDMan5dcZSiXVZqP50StLi7C_3F__,
25-09970_혈청,2025-10-20,DB1001,성진,직영,양승혁,PRRS,혈청,,1H5AJ1lB2ygcwHHEzsnCVBQWUYFBXdUrd,
25-09947_항원,2025-10-18,DB1001,성진,직영,양승혁,PRRS,항원,,1iNNUVXWrvugmQNH60xQyQ7R9jaxHiKs6,
25-09945_항원,2025-10-17,DB1001,성진,직영,양승혁,PRRS,항원,,1bnuamAdUDj_PT5Z5pDez-9NlPrlj6Zyd,
25-09691_,2025-10-17,DB1001,성진,직영,양승혁,PRRS,,,1aEzGxjje8aLtvsxjNv7-T51pt9ziZVLk,
25-09664_항원,2025-10-13,DB1001,성진,직영,양승혁,PRRS,항원,,1M3kNRP27GP_DStlVmyMIcHGNXnKCy9VM,
25-09657_항원,2025-10-13,DB1001,성진,직영,양승혁,PRRS,항원,,1CQQfBUxCij3fqVuwQ1GgSrd2B6zWxIK3,
25-09664_혈청,2025-10-13,DB1001,성진,직영,양승혁,PRRS,혈청,,1YgXNi_u6zxEqrAfqIVCWbf47XcOxmTHk,
25-09665_혈청,2025-10-13,DB1001,성진,직영,양승혁,PRRS,혈청,,11bjscMx4iWhGd78YLFOBMOpGrRqNcg9P,
25-09658_혈청,2025-10-13,DB1001,성진,직영,양승혁,PRRS,혈청,,1dv6o-zVP5y8FSU1xb79yAHoK3hAOY0Et,
25-09657_혈청,2025-10-13,DB1001,성진,직영,양승혁,PRRS,혈청,,1sOtML37RPlxsMsfqctOQoyWWDdhiLXU1,
25-09306_,2025-10-13,DB2010,문강,직영,박지형,PRRS,,,1Jddx0pQmXXwybZREFBQ2wW9KoDzu-NsF,
25-09629_혈청,2025-10-11,DB1001,성진,직영,양승혁,PRRS,혈청,,1-pReJ0OpCr-1vyY46ShT3CnR3jbgZT-0,
25-09629_항원,2025-10-11,DB1001,성진,직영,양승혁,PRRS,항원,,1DSHR5MF1ckC3Xr8Qij0cQ7xyJlJlkGZI,
25-09604_혈청,2025-10-10,DB1001,성진,직영,양승혁,PRRS,혈청,,1S9UelV0xmAgxabSyj7D7VIYfDiC6uDYS,
25-09606_혈청,2025-10-10,DB1001,성진,직영,양승혁,PRRS,혈청,,18r9MOAjG9Z-hADJaHmAc3a0-3S7pnxRW,
25-09605_혈청,2025-10-10,DB1001,성진,직영,양승혁,PRRS,혈청,,1nU776ND5-SLGd5_KEQRNgGlHykzr1KtP,
25-09599_항원,2025-10-10,DB1001,성진,직영,양승혁,PRRS,항원,,1RZ2LVZXnT6RaChM-3xoc1Vjwvd5wIenB,
25-09604_항원,2025-10-10,DB1001,성진,직영,양승혁,PRRS,항원,,1kznMpjEumgeHoofwJ8nhC6GZOkJfUPai,
25-09605_항원,2025-10-10,DB1001,성진,직영,양승혁,PRRS,항원,,1K_PJVTKFFNGRh_sQXeskkEmnvZsjKig7,
25-09599_혈청,2025-10-10,DB1001,성진,직영,양승혁,PRRS,혈청,,1_3zNfuJ8pB9rcMHWjsSNZb-RT6VYNO-o,
25-09606_항원,2025-10-10,DB1001,성진,직영,양승혁,PRRS,항원,,1uH5JGlvGqUlTQqxpTAm_KiYsQ1cdBJua,
25-09594_항원,2025-10-04,DB1001,성진,직영,양승혁,PRRS,항원,,1Biudp4RYX4uht6sKy_22am_aZyuT-NOv,
25-09594_혈청,2025-10-04,DB1001,성진,직영,양승혁,PRRS,혈청,,1Hppf257z03voCsjUoORRL8O99oEGvArE,
25-09566_항원,2025-10-02,DB1001,성진,직영,양승혁,PRRS,항원,,17W_TTwuAfjyNxrgGd1DDeq__jt8hoSqL,
25-09563_항원,2025-10-02,DB1001,성진,직영,양승혁,PRRS,항원,,1Q2uoWXjebpzG6C0BjULL2Qj0_DUFmPE0,
25-09566_혈청,2025-10-02,DB1001,성진,직영,양승혁,PRRS,혈청,,1kWXfDVXBurS_OZ9UvmgNT55FSosanQSc,
25-09563_혈청,2025-10-02,DB1001,성진,직영,양승혁,PRRS,혈청,,1--hyhojOxsCKqmjkbq-rV8UxGtOfCInR,
25-09486_혈청,2025-09-30,DB1001,성진,직영,양승혁,PRRS,혈청,,1ZBPBr1XZ_DLGfJlrxsj3ODxK5BI-1yr6,
25-09486_항원,2025-09-30,DB1001,성진,직영,양승혁,PRRS,항원,,1Z4ySpF9IL1xPXq_4Ypqg5WTMalG25bNU,
25-09433_혈청,2025-09-30,DB1001,성진,직영,양승혁,PRRS,혈청,,1KAt_wgfbZh0PsSFlsjjIEonVNv4ax66x,
25-09434_항원,2025-09-30,DB1001,성진,직영,양승혁,PRRS,항원,,127JMWC1MVP-GxmtCTveYGJ8P-friqxRJ,
25-09433_항원,2025-09-30,DB1001,성진,직영,양승혁,PRRS,항원,,1z6149oDxyRCnMyzgbzk3zmQAZiKZ3lPp,
25-09420_항원,2025-09-29,DB1001,성진,직영,양승혁,PRRS,항원,,1g2yeJF5OJQ8U30kkoRXKVutC7NcgBoIN,
25-09420_혈청,2025-09-29,DB1001,성진,직영,양승혁,PRRS,혈청,,1MRaTj31Y33ksQ3AMuMkdpITpWEl-8y0U,
25-09419_항원,2025-09-29,DB1001,성진,직영,양승혁,PRRS,항원,,1HS_khTi_VWbQ8YVbPcpcU8GzbKwyMQEW,
25-09419_혈청,2025-09-29,DB1001,성진,직영,양승혁,PRRS,혈청,,1wrolX3w9jQ60yk3JFWgOSlNYMTW6a7Fc,
25-09383_,2025-09-29,(혈구분석)25-09383 다비연구소,(혈구분석)25-09383 다비연구소,-,-,PRRS,,,1PpxtuOwyDfCk6r_7CBIh6JN9CTpSNa0P,
25-09396_항원,2025-09-27,DB1001,성진,직영,양승혁,PRRS,항원,,1Gh3A03Im6eRgMgoOzr_TezOqN-j2KyTA,
25-09383_항원,2025-09-27,DB1001,성진,직영,양승혁,PRRS,항원,,1Z-65b6jVtdZDdcZ-hTm_ApgNlzqxrZjT,
25-09239_혈청,2025-09-24,DB1001,성진,직영,양승혁,PRRS,혈청,,1krzpEtPmjF3tViic80GedXe7HOcVTJwf,
25-09221_항원,2025-09-23,DB1001,성진,직영,양승혁,PRRS,항원,,1e94wHawsVVE4aJYnOPtYx-8znKcUFAqC,
25-09162_항원,2025-09-22,DB1001,성진,직영,양승혁,PRRS,항원,,1I6heuME9BuvsK8TIK87T-6n2vp7V4CLC,
25-09163_항원,2025-09-22,DB1001,성진,직영,양승혁,PRRS,항원,,1ny3ygkg0rXV51DxMyAoRvTslbqlMZqjJ,
25-09163_혈청,2025-09-22,DB1001,성진,직영,양승혁,PRRS,혈청,,14nsDWWzjahPaEZLUfwynrhm7nBOXWQdA,
25-09049_혈청,2025-09-18,DB1001,성진,직영,양승혁,PRRS,혈청,,1nMMFmRrPabhNiFaEVjfIQiHm-Rs-tocQ,
25-09048_혈청,2025-09-18,DB1001,성진,직영,양승혁,PRRS,혈청,,12dxNyGXty79KcHmiASXLUFahikPOjq1y,
25-09048_항원,2025-09-18,DB1001,성진,직영,양승혁,PRRS,항원,,13ahqvXPgwtBMaY7p5VsEHkQS7pzNpDny,
25-09049_항원,2025-09-18,DB1001,성진,직영,양승혁,PRRS,항원,,18ZxZwSf6Qlcd0a0ZH5SaUgciNNVE8uqf,
25-08937_항원,2025-09-16,DB1001,성진,직영,양승혁,PRRS,항원,,1mOfMDGaYRMxkbzGGexTm8GNGm4e3S8Gd,
25-08937_혈청,2025-09-16,DB1001,성진,직영,양승혁,PRRS,혈청,,1cv61Bb1-0Srm025D9w-j-1BCbL0yaVIv,
25-08880_,2025-09-16,(혈구분석)25-08880 다비연구소,(혈구분석)25-08880 다비연구소,-,-,PRRS,,,1pbuKWp6f6HXo8YRS2corstPW0-SPnLuD,
25-08914_항원,2025-09-15,DB1001,성진,직영,양승혁,PRRS,항원,,1Yi1j3xS8XS5wCEN_B2eSEq30iuAaVYtZ,
25-08914_혈청,2025-09-15,DB1001,성진,직영,양승혁,PRRS,혈청,,1QEZ8ymdYX6ZFYLeOfn1NB4xjAj4zSlQU,
25-08736_,2025-09-11,DB3025,인솔,협력,박지형,PRRS,,,1od1gqTEei9H-N7VlqGiGIbcQHecrl7O9,
25-08736_항원,2025-09-10,DB1001,성진,직영,양승혁,PRRS,항원,,1V44bFkUcVJltm8zffaYRHZB8sUt2XIHh,
25-08736_혈청,2025-09-10,DB1001,성진,직영,양승혁,PRRS,혈청,,1Ok_h_p8nPVBgZSG0skzt-6c7EU6OTit-,
25-08664_항원,2025-09-09,DB1001,성진,직영,양승혁,PRRS,항원,,1mM3qpoQg0XnED1oG_z4z_sF8PIffE-gl,
25-08664_혈청,2025-09-09,DB1001,성진,직영,양승혁,PRRS,혈청,,13y6JEdSQRk_VGmCt2ybMZtZPC453Oga6,
25-08638_항원,2025-09-08,DB1001,성진,직영,양승혁,PRRS,항원,,1jWdtliO3U-_UN-zFbcJml3C9yyn6f_3I,
25-08638_혈청,2025-09-08,DB1001,성진,직영,양승혁,PRRS,혈청,,1qCNKgnpmLWGNgk1Vt0aqyz5fGRhB3rVu,
25-08434_,2025-09-08,DB1001,성진,직영,양승혁,PRRS,,,15w1e3AvS_nFpHd4JYugJPhATG6FBFQeJ,
25-08621_항원,2025-09-06,DB1001,성진,직영,양승혁,PRRS,항원,,1AqMPxRxdwjFOE2doNC-bprd4qAa1UAt_,
25-08353_,2025-09-05,(세균) 25-08353 DB2010,(세균) 25-08353 DB2010,-,-,PRRS,,,18yqkgmEp4VmHvBy0hTAG6B-1vZmKBDKm,
25-08509_항원,2025-09-04,DB1001,성진,직영,양승혁,PRRS,항원,,1Fxc8mRsdxOAdRmIN9VQkeM5kNpira4fE,
25-08508_항원,2025-09-04,DB1001,성진,직영,양승혁,PRRS,항원,,1e2d10ZiK-XU95WfyP2dDnShcI4hQTn9k,
25-08509_혈청,2025-09-04,DB1001,성진,직영,양승혁,PRRS,혈청,,1fCDT-c2jnsHz-ig2VLMLr9M00dMilQCq,
25-08434_혈청,2025-09-03,DB1001,성진,직영,양승혁,PRRS,혈청,,18bWXOAEVhLAPtS5Mq3WdsP96BAzqZpDt,
25-08434_항원,2025-09-03,DB1001,성진,직영,양승혁,PRRS,항원,,1M68Gt76zQKR2Ahhwur7EVyu7oeuVhPow,
25-08354_혈청,2025-09-02,DB1001,성진,직영,양승혁,PRRS,혈청,,1I-tYWGql7tC0Y5mMf2w76K0lYdNGNFH-,
25-08405_항원,2025-09-02,DB1001,성진,직영,양승혁,PRRS,항원,,10TQl7mj8Ej5yFt9WueVMrqcqKDdEUXYt,
25-08354_항원,2025-09-02,DB1001,성진,직영,양승혁,PRRS,항원,,16dA2PiYoZl8vTQHjEY6_C7n8y5opeH-U,
25-08405_혈청,2025-09-02,DB1001,성진,직영,양승혁,PRRS,혈청,,1x64DBHB7gSvbzgLNhZ7Kyh7QAstT9Ng2,
25-08353_혈청,2025-09-02,DB1001,성진,직영,양승혁,PRRS,혈청,,1TLAA0BpnnInA5zdJXZQEItbeDowdJdAj,
25-08326_항원,2025-09-01,DB1001,성진,직영,양승혁,PRRS,항원,,1kqdUCKECjeP6JYWCMQzRIR8CsCRU-Ri7,
25-08325_항원,2025-09-01,DB1001,성진,직영,양승혁,PRRS,항원,,18EjW1lK7pxuH5G89LSXIyALwfOdUP_FH,
25-08325_혈청,2025-09-01,DB1001,성진,직영,양승혁,PRRS,혈청,,15vVhpp6wXDAePe4D19T6h_yf8QQigClB,
25-08298_항원,2025-08-29,DB1001,성진,직영,양승혁,PRRS,항원,,1529Q57Dxk1DkhRhYaJKldMzfRm0h6RuK,
25-08294_항원,2025-08-29,DB1001,성진,직영,양승혁,PRRS,항원,,1ah9Mjw12f8Tu7quyTg4h60KXuLYph7SV,
25-08294_혈청,2025-08-29,DB1001,성진,직영,양승혁,PRRS,혈청,,1Mb-6GjFEv42oGM990TzCVZfsvgDDN7DH,
25-08254_,2025-08-29,(혈구분석)25-08254 다비연구소,(혈구분석)25-08254 다비연구소,-,-,PRRS,,,1dcIwFV0ahWD4TOwT8PwxSeP_0Z8vmEA2,
25-08254_항원,2025-08-28,DB1001,성진,직영,양승혁,PRRS,항원,,1Ps94YYI5Rl1Q0szR27dftn9J_E83rFJg,
25-08254_혈청,2025-08-28,DB1001,성진,직영,양승혁,PRRS,혈청,,1nc7NYguqbPtUERLwMyH_09sp33XqxSKo,
25-08228_항원,2025-08-28,DB1001,성진,직영,양승혁,PRRS,항원,,1roLpjiWjPt0lPkIPuMTZ3Z6FHCFcpCMv,
25-08227_항원,2025-08-28,DB1001,성진,직영,양승혁,PRRS,항원,,1Nq2bzFreRbwi71BNCNrdp5Zw7lGYD6Fg,
25-08228_혈청,2025-08-28,DB1001,성진,직영,양승혁,PRRS,혈청,,1jGfVCTBTHv1QEupKxs2A_8RZCKszlHp1,
25-08227_혈청,2025-08-28,DB1001,성진,직영,양승혁,PRRS,혈청,,1jeTKk9yaBkluxKTfAuVsRUX9anwNiu3s,
25-08179_항원,2025-08-27,DB1001,성진,직영,양승혁,PRRS,항원,,1c4sme8hehGhTvYh0ho7RtmD2olKBhI2g,
25-08130_항원,2025-08-26,DB1001,성진,직영,양승혁,PRRS,항원,,1UA9pQ5zY3-PP3LUVu-tXo9qIIg37GKkG,
25-08130_혈청,2025-08-26,DB1001,성진,직영,양승혁,PRRS,혈청,,1uU7gdCh1UFiPbHgSZMyoi4twjnD3saOX,
25-08101_항원,2025-08-26,DB1001,성진,직영,양승혁,PRRS,항원,,1CYmiDj_f9OGuk5RgO1LA3XNPepUqWM_M,
25-08101_혈청,2025-08-26,DB1001,성진,직영,양승혁,PRRS,혈청,,11htsgI2vXExUl_7EQ09qL_HtTXDpjqEN,
25-08083_항원,2025-08-25,DB1001,성진,직영,양승혁,PRRS,항원,,18NqQljsVu7NXgEhJ0FbR-bDXdTkrmpAl,
25-08088_항원,2025-08-25,DB1001,성진,직영,양승혁,PRRS,항원,,1CjzWVPv0EtrqBB2_7K7bnh3u9Sxm7D87,
25-08087_항원,2025-08-25,DB1001,성진,직영,양승혁,PRRS,항원,,1cWE8thasf_psSyim5RtDnNrpJMfpjr_l,
25-08088_혈청,2025-08-25,DB1001,성진,직영,양승혁,PRRS,혈청,,1cd2JfhKoNDtkrCfdKesBRhpKNoNWwhZS,
25-08087_혈청,2025-08-25,DB1001,성진,직영,양승혁,PRRS,혈청,,14rhw9BVQxGXYxxZs1msCpZo03OsNdGCN,
25-07790_항원,2025-08-21,DB1001,성진,직영,양승혁,PRRS,항원,,1uEMITDVUt9pRD9zk0ZYv9agpghLO4HOJ,
25-07911_혈청,2025-08-20,DB1001,성진,직영,양승혁,PRRS,혈청,,1PAULg_hVqWTtQWuKahDjyDbXhbb_V6ug,
25-07921_항원,2025-08-20,DB1001,성진,직영,양승혁,PRRS,항원,,1YzWtqhKsZSK_RzZCZ2mtWfWR7a9F464k,
25-07912_항원,2025-08-20,DB1001,성진,직영,양승혁,PRRS,항원,,1fLF95_JTkpHSQku3Y2jp_wBfGUc5SFlJ,
25-07910_항원,2025-08-20,DB1001,성진,직영,양승혁,PRRS,항원,,1hJD1oTBv1Wj00eDD_CQUS4pgnTajoChL,
25-07911_항원,2025-08-20,DB1001,성진,직영,양승혁,PRRS,항원,,1Hy7JLMndhQUv-JCy-cNxHct8lohEM61P,
25-07921_혈청,2025-08-20,DB1001,성진,직영,양승혁,PRRS,혈청,,1OcdMSLAhi5Du9Z6-FylL8lxwL-5T3qrk,
25-07789_항원,2025-08-19,DB1001,성진,직영,양승혁,PRRS,항원,,1S5M78WqjxJWrAU0H-Y5ZC-5r4a2NLPX7,
25-07789_혈청,2025-08-19,DB1001,성진,직영,양승혁,PRRS,혈청,,1KniNW6KNEs4HCt_tqkc5p5KcspS1HLdi,
25-07696_,2025-08-19,(세균) 25-07696 DB3023,(세균) 25-07696 DB3023,-,-,PRRS,,,1HOWaTGWS9BDZxeybq_zrfV4JiznQDz-X,
25-07762_항원,2025-08-18,DB1001,성진,직영,양승혁,PRRS,항원,,1EwkJrttOFRoxWpeFivsGgIHFNmCgI_Px,
25-07761_항원,2025-08-18,DB1001,성진,직영,양승혁,PRRS,항원,,1MoC_9O6ssswdqZGkONPzJ9xix5OIxQ6e,
25-07760_항원,2025-08-18,DB1001,성진,직영,양승혁,PRRS,항원,,1XoUMo1j-yoHruNgZYPcbzpcvlnwGCya1,
25-07761_혈청,2025-08-18,DB1001,성진,직영,양승혁,PRRS,혈청,,1aOrHmMNm9fOxcbpMRfcGzioLsPEYm0PK,
25-07760_혈청,2025-08-18,DB1001,성진,직영,양승혁,PRRS,혈청,,18ol3uan-o6l1mxCLRaxnIvNHYOvd6M7G,
25-07696_항원,2025-08-13,DB1001,성진,직영,양승혁,PRRS,항원,,1p4rxPDgYbGzwEqvjl86DqIv0stKa8NjA,
25-07665_항원,2025-08-13,DB1001,성진,직영,양승혁,PRRS,항원,,1ycJW-UkAdXjYQ3aUDK5eFEX6pdilVP9t,
25-07667_항원,2025-08-13,DB1001,성진,직영,양승혁,PRRS,항원,,11CjAwzxV4UVU9vimaP3I2aY26RihoQt7,
25-07666_항원,2025-08-13,DB1001,성진,직영,양승혁,PRRS,항원,,1-tfGmfyELBPCtiXbIyYor2Om5uF-qHiq,
25-07674_혈청,2025-08-13,DB1001,성진,직영,양승혁,PRRS,혈청,,1MI4eYVNM0U9F6QM7VLFefGDnq9mYVHbw,
25-07666_혈청,2025-08-13,DB1001,성진,직영,양승혁,PRRS,혈청,,1PVnkzmwerhazORyPxF6irq-qlkBs0JOv,
25-07611_항원,2025-08-12,DB1001,성진,직영,양승혁,PRRS,항원,,12mMWKIyS-Rk0EEsaM7DrndtgR1qMZ8L8,
25-07611_혈청,2025-08-12,DB1001,성진,직영,양승혁,PRRS,혈청,,1RoW-ifNXT8QLAMRB-zqg0AUysVUc8l6_,
25-07558_항원,2025-08-09,DB1001,성진,직영,양승혁,PRRS,항원,,1pf3II760oH-TgUWke_UPO7fi5yafpLvR,
25-07558_혈청,2025-08-09,DB1001,성진,직영,양승혁,PRRS,혈청,,1TG7LL9oBtuEnceOsuh0AFRMkmrFheJCA,
25-07514_혈청,2025-08-08,DB1001,성진,직영,양승혁,PRRS,혈청,,11d34jr5NOaZmg9s6EcycC59i7Zt7bcDj,
25-07466_항원,2025-08-07,DB1001,성진,직영,양승혁,PRRS,항원,,1oLKdjnmM6TzEn5IsVLyFVdNrLJroUTLh,
25-07466_혈청,2025-08-07,DB1001,성진,직영,양승혁,PRRS,혈청,,1oIYoyN-8dMIWWhOAOeKKH4BwCsijV_jm,
25-07393_혈청,2025-08-06,DB1001,성진,직영,양승혁,PRRS,혈청,,1gWM8D8o9iyTnsBXC3oSaDWhfM_mAKzKf,
25-07430_혈청,2025-08-06,DB1001,성진,직영,양승혁,PRRS,혈청,,1U4tEMJm3ph5T5FploZJej0DsxG-ZCQTr,
25-07393_항원,2025-08-06,DB1001,성진,직영,양승혁,PRRS,항원,,1cZMfzBiCdXY2uSabCK_85D-x4GeuW-4F,
25-07339_혈청,2025-08-05,DB1001,성진,직영,양승혁,PRRS,혈청,,1Erafs_7uNoG2yGHF_6F8D0St6T1xzsys,
25-07339_항원,2025-08-05,DB1001,성진,직영,양승혁,PRRS,항원,,1j3hAhXucrzYkvPECPK6ip0tnD5w7rwYY,
25-07338_혈청,2025-08-05,DB1001,성진,직영,양승혁,PRRS,혈청,,1hDZjGpg17HqBp1Aweys6l1F3124oH9p4,
25-07338_항원,2025-08-05,DB1001,성진,직영,양승혁,PRRS,항원,,1T3OWk1OeEk1E7oJocsya7BRWzY5Dv_Rr,
25-07315_항원,2025-08-04,DB1001,성진,직영,양승혁,PRRS,항원,,1C1ufMNTu9zLkDqkTXtStaTpAd6VoXup2,
25-07306_항원,2025-08-04,DB1001,성진,직영,양승혁,PRRS,항원,,1o2hYsf0nRTHDpstiE-cIytqvS24RNeHk,
25-07305_항원,2025-08-04,DB1001,성진,직영,양승혁,PRRS,항원,,1PBQoBdAjxjQsalvTTctFX_Xh0wWvTfav,
25-07315_혈청,2025-08-04,DB1001,성진,직영,양승혁,PRRS,혈청,,1SiaqsSkCo6OcmKRlLMMJyO6D-6YpZc_l,
25-07306_혈청,2025-08-04,DB1001,성진,직영,양승혁,PRRS,혈청,,1UmlV7Cp00jB0G0SUlic6fHC78o2xpzFt,
25-07305_혈청,2025-08-04,DB1001,성진,직영,양승혁,PRRS,혈청,,1ze_l5yKuYYhRLNutO0fZLwJxm8GGmBDH,
25-07170_항원,2025-07-30,DB1001,성진,직영,양승혁,PRRS,항원,,1NVu01BMLHEWDtQEH95ryJn5lB6MIfzWV,
25-07170_혈청,2025-07-30,DB1001,성진,직영,양승혁,PRRS,혈청,,1BmJqoIgTj0L-7SJVuHcIVkKLl9Dtg_1Z,
25-07147_혈청,2025-07-30,DB1001,성진,직영,양승혁,PRRS,혈청,,1j-W3z9OW2MhUzmNk8D5ZBHrI_bEXwlT4,
25-07146_혈청,2025-07-30,DB1001,성진,직영,양승혁,PRRS,혈청,,1fn609mkGA0jG3BV0ZcvCbMXmeq54x0Sr,
25-07147_항원,2025-07-30,DB1001,성진,직영,양승혁,PRRS,항원,,1dJxpVE-xVN4ZaCyqIWZlQF8PGQ3Np35b,
25-07146_항원,2025-07-30,DB1001,성진,직영,양승혁,PRRS,항원,,1PJRXSbro3_pzZ08wWpb-8mVqORAcfYbK,
25-07098_혈청,2025-07-29,DB1001,성진,직영,양승혁,PRRS,혈청,,1q9il0OReo0nkVH8ohfsLwB7were67lhb,
25-07098_항원,2025-07-29,DB1001,성진,직영,양승혁,PRRS,항원,,1ejntwRU6ibtOj7hs6AZapaCJmTjgDcLO,
25-07066_항원,2025-07-28,DB1001,성진,직영,양승혁,PRRS,항원,,1wD39VpmhG-493QxXZPYhvo_-IbSPqzEQ,
25-07065_항원,2025-07-28,DB1001,성진,직영,양승혁,PRRS,항원,,1QiFnqW8rmsVvgNcQJLBTipB3ntXpgll3,
25-07064_항원,2025-07-28,DB1001,성진,직영,양승혁,PRRS,항원,,1WLNq4C_fmD6nDoz8LKGltx-g8fQ4eWMj,
25-07065_혈청,2025-07-28,DB1001,성진,직영,양승혁,PRRS,혈청,,1yaNaJ1B-SqeXj5SER-zGR-usk79GtESd,
25-06908_,2025-07-28,(세균) 25-06908 유진농장,(세균) 25-06908 유진농장,-,-,PRRS,,,1rFBqeFjw_ngAGCTf6SO8tavV0gsgP9sf,
25-07048_항원,2025-07-26,DB1001,성진,직영,양승혁,PRRS,항원,,1RG0a9hGbu8QWZOhhYt5Yz5F3-KzGQpuQ,
25-06908_항원,2025-07-25,DB1001,성진,직영,양승혁,PRRS,항원,,1cV07hevc8cCm9nK6WOkp2Ha7Z6koNruB,
25-07034_항원,2025-07-25,DB1001,성진,직영,양승혁,PRRS,항원,,1LYRrFmc4Nc6Dt3Ud0GhIkgRtHh_E_hBh,
25-06832_,2025-07-24,(세균) 25-06832 DB3023,(세균) 25-06832 DB3023,-,-,PRRS,,,1iFthb3leWc4ui8gERNG1wXw-l1sif0Xu,
25-06906_항원,2025-07-23,DB1001,성진,직영,양승혁,PRRS,항원,,1b_mF354TxeIXZuf7A4NCqXMtm4Lv2Jhy,
25-06907_항원,2025-07-23,DB1001,성진,직영,양승혁,PRRS,항원,,13ho9LMVFwx5kR7ebGqomPTCwoGIHUV2h,
25-06826_항원,2025-07-21,DB1001,성진,직영,양승혁,PRRS,항원,,1_a8r0MNL_Na2Td7t4cG0emh5cyf9ZyMS,
25-06833_항원,2025-07-21,DB1001,성진,직영,양승혁,PRRS,항원,,1tOMngu7UNm3gvw1x7UVVCf5LBBnMruyW,
25-06832_항원,2025-07-21,DB1001,성진,직영,양승혁,PRRS,항원,,1y7GuLkYr4_feGuxND89rYDCPAcD2ArW6,
25-06833_혈청,2025-07-21,DB1001,성진,직영,양승혁,PRRS,혈청,,1Jw7r5bA0wE9bvkqGuagtzD0aNJ1pBKER,
25-06753_항원,2025-07-17,DB1001,성진,직영,양승혁,PRRS,항원,,1cSHAtpkZM8mELcX7kuSb4tpQuB-xL_h7,
25-06753_혈청,2025-07-17,DB1001,성진,직영,양승혁,PRRS,혈청,,1u7KsRQu4tlfRL9STO6BSO9g9L1woC5XP,
25-06666_항원,2025-07-15,DB1001,성진,직영,양승혁,PRRS,항원,,1mYcBL6giVFqVFKvLZNOj0UL7R6349Rdk,
25-06650_항원,2025-07-14,DB1001,성진,직영,양승혁,PRRS,항원,,1BTtmMaIBN8GNsEDmHh6dK-fpzPCxbQ9R,
25-06649_항원,2025-07-14,DB1001,성진,직영,양승혁,PRRS,항원,,1hn4vA7RCw2fTgENd3Od4XQsBewlT_D9-,
25-06650_혈청,2025-07-14,DB1001,성진,직영,양승혁,PRRS,혈청,,1MUnUKM68KLnD3ic-Wk5Ylq3rL3p-wsBk,
25-06592_항원,2025-07-11,DB1001,성진,직영,양승혁,PRRS,항원,,14WpRzFVni1bzGvBu40TkROD_HzNTnw8T,
25-06592_혈청,2025-07-11,DB1001,성진,직영,양승혁,PRRS,혈청,,1Xxet2HrbSrsLOqnJS3T4qPGIcLQYn-qY,
25-06574_항원,2025-07-10,DB1001,성진,직영,양승혁,PRRS,항원,,124Fd3c2niZu8F25Sfk9Dr-jZsjxi2SO5,
25-06514_혈청,2025-07-10,DB1001,성진,직영,양승혁,PRRS,혈청,,17aUzRANJpPU2AVvWRxCt50gj9inIEx4V,
25-06514_항원,2025-07-10,DB1001,성진,직영,양승혁,PRRS,항원,,12OG9MgWv0SUtpEhpxM6cDtCXLyt8E5km,
25-06494_항원,2025-07-09,DB1001,성진,직영,양승혁,PRRS,항원,,1ieyyu5fjZnx9VSeguRJAZPIWBHsjtwhg,
25-06490_항원,2025-07-09,DB1001,성진,직영,양승혁,PRRS,항원,,1e-23ifOJHPdtov8AtOHsiIS8k-exPpO6,
25-06256_,2025-07-09,(qPCR) 25-06256 DB3025-PRRS(추가의뢰),(qPCR) 25-06256 DB3025-PRRS(추가의뢰),-,-,PRRS,,,1v91eGZG93jpSNJhtZn7LXCjtqmAMISJJ,
25-06494_혈청,2025-07-09,DB1001,성진,직영,양승혁,PRRS,혈청,,14jR3GkCtqtwZOViEhlkeo0hLet-O1lTT,
25-06422_항원,2025-07-05,DB1001,성진,직영,양승혁,PRRS,항원,,16Dslc10g03cJ_tQCzQuPBITkfc9RvM-P,
25-06358_혈청,2025-07-04,DB1001,성진,직영,양승혁,PRRS,혈청,,1rCjFJdSPYLnxd__VsFBiIRLF6uwlrxKS,
25-06357_혈청,2025-07-04,DB1001,성진,직영,양승혁,PRRS,혈청,,16nZeoTFPF7VxOySAPEJoPNIoyFc6nZlO,
25-06357_항원,2025-07-04,DB1001,성진,직영,양승혁,PRRS,항원,,1ES_TCICn61sWGOBghIMMk0EBIxI37auI,
25-06358_항원,2025-07-04,DB1001,성진,직영,양승혁,PRRS,항원,,1WNSVzARoMrUiYwaPe3red7PGLcirEDSl,
25-06200_,2025-07-04,DB1002,대덕,직영,박지형,PRRS,,,1aIjWBFTnL5bHEkAgr-k6cLy7VPL4_U7u,
25-06309_항원,2025-07-03,DB1001,성진,직영,양승혁,PRRS,항원,,1QpD0fmVj3nwglBDyQNMWZ4XmHbOaS1xx,
25-06309_혈청,2025-07-03,DB1001,성진,직영,양승혁,PRRS,혈청,,1TVA0s7aWboTwyBQhwGiyu2rEQd9GcBSK,
25-06256_혈청,2025-07-02,DB1001,성진,직영,양승혁,PRRS,혈청,,1LuWVAhSaF8F5Ej3OfCmPlOaghSimJwrq,
25-06255_혈청,2025-07-02,DB1001,성진,직영,양승혁,PRRS,혈청,,1xDB6QrS9QPucCdEFVyWhDy38i_57hrbq,
25-06256_항원,2025-07-02,DB1001,성진,직영,양승혁,PRRS,항원,,1iI9LSww1nWKPvuoANKJzp_2fIswqfT1_,
25-06255_항원,2025-07-02,DB1001,성진,직영,양승혁,PRRS,항원,,1ot530ZJtXmrwntOe_V5g_TFmAldeDZ87,
25-05875_,2025-06-27,DB1002,대덕,직영,박지형,PRRS,,,1_SEVfhmq91NNmp3q-uuVwrJiNT-6rUbU,
25-05831_,2025-06-25,(세균) 25-05831 DA2007,(세균) 25-05831 DA2007,-,-,PRRS,,,1DQaS6loK63-2vQ9T70FkB-Wo9Whk7pC7,
25-05875_항원,2025-06-24,DB1001,성진,직영,양승혁,PRRS,항원,,1nGLcnGx-jGdXJeVdKlw4YC253k6YPm0p,
25-05874_항원,2025-06-24,DB1001,성진,직영,양승혁,PRRS,항원,,1YKXp8RStTdXpS2jJclx7IW9omvRGsVi_,
25-05831_항원,2025-06-24,DB1001,성진,직영,양승혁,PRRS,항원,,1PrLOlifQ3P6NvyUROyMMFSV2uEnbm3Pd,
25-05849_항원,2025-06-23,DB1001,성진,직영,양승혁,PRRS,항원,,1ShkUOygeL35RbJyazVOwUIa1ylIYNGh1,
25-05848_혈청,2025-06-23,DB1001,성진,직영,양승혁,PRRS,혈청,,1-mwxxu2Y_Fvo1PnYwT44VrGoI6_LyY03,
25-05848_항원,2025-06-23,DB1001,성진,직영,양승혁,PRRS,항원,,19zuLKa4Tf7OUlgyuBwY5Y2rt5pKQ4YwE,
25-05762_항원,2025-06-19,DB1001,성진,직영,양승혁,PRRS,항원,,1BfSFYY3hdnmJmceZ4yNMjXuR1It-H_UL,
25-05724_항원,2025-06-19,DB1001,성진,직영,양승혁,PRRS,항원,,1Xym2C6fJuaizLSFltUd-TU0hhRi_-9n5,
25-05579_항원,2025-06-17,DB1001,성진,직영,양승혁,PRRS,항원,,1vjCFfeQXPrfvwj4fobT2tE3pQhmAmLVX,
25-05579_혈청,2025-06-17,DB1001,성진,직영,양승혁,PRRS,혈청,,1uYTnNPyns8Ggo99yJArRkScAKx_2n9lE,
25-05545_항원,2025-06-16,DB1001,성진,직영,양승혁,PRRS,항원,,1LHA8LXZm8Rl1G47qIhFM0_RESdY6qGoZ,
25-05554_항원,2025-06-16,DB1001,성진,직영,양승혁,PRRS,항원,,1YkPlSEQC_8xTiJSGNVRT9fTF_GQS5Fah,
25-05553_항원,2025-06-16,DB1001,성진,직영,양승혁,PRRS,항원,,1h5x3YWhDs1Ei55L9nrl5x4fsWRPe8jhf,
25-05553_혈청,2025-06-16,DB1001,성진,직영,양승혁,PRRS,혈청,,128TW3mWKr1ysUrzVnjetNR-bierV1-e7,
25-05269_,2025-06-13,DB3016,남도,협력,장석현,PRRS,,,1EDNmO4zq5G_6x_NNZS-m8OzOGTWaH1Au,
25-05316_,2025-06-13,(세균) 25-05316 DB3001,(세균) 25-05316 DB3001,-,-,PRRS,,,1MVL2S8xSUE_hAdi_iA7Lwy7Ti7E83oyY,
25-05413_항원,2025-06-12,DB1001,성진,직영,양승혁,PRRS,항원,,1UotklSE-FvaBjynxxQEpyzoDuItY6zI_,
25-05316_항원,2025-06-12,DB1001,성진,직영,양승혁,PRRS,항원,,1PTjCOpenE2tyf_pLu9tty-YJqqhRadrN,
25-05316_혈청,2025-06-12,DB1001,성진,직영,양승혁,PRRS,혈청,,11HW2s3REtPm_K9IKxPOLB9ALpbkZa7d2,
25-05269_항원,2025-06-10,DB1001,성진,직영,양승혁,PRRS,항원,,1QwqeXpMp1CjmC5m6p0qQPcSWwv6gD877,
25-05109_항원,2025-06-06,DB1001,성진,직영,양승혁,PRRS,항원,,1EjwOy4m__7VubVGrsY551B2JTT98LXY-,
25-05110_항원,2025-06-06,DB1001,성진,직영,양승혁,PRRS,항원,,1r1KvXNeAx5GyIAt3g0-WxFoBnt5sJj2u,
25-05108_항원,2025-06-06,DB1001,성진,직영,양승혁,PRRS,항원,,1bY6Ip7hg1lZZADuAnumzWtc93NmgDXWt,
25-05107_항원,2025-06-06,DB1001,성진,직영,양승혁,PRRS,항원,,1JwiANy1dq_92CD7lGVN8L7bQ468buaJ4,
25-05106_항원,2025-06-06,DB1001,성진,직영,양승혁,PRRS,항원,,1UAYKyh2AM0ItB77uPlNexiMdyR0jcon3,
25-05110_혈청,2025-06-05,DB1001,성진,직영,양승혁,PRRS,혈청,,1jb_1nMWSh5W5NlUK4GDkAL-qTZueYyw4,
25-05109_혈청,2025-06-05,DB1001,성진,직영,양승혁,PRRS,혈청,,1SRZSaAuS35_S70q4qW2gvei2qEicLGBQ,
25-05108_혈청,2025-06-05,DB1001,성진,직영,양승혁,PRRS,혈청,,1ghVFSreXK81jL3cLlWig4yyh8x-Bd1aE,
25-05107_혈청,2025-06-05,DB1001,성진,직영,양승혁,PRRS,혈청,,1ToLOxR3n60b2TsJwkIqpiHhkhQP9tcFc,
25-05106_혈청,2025-06-05,DB1001,성진,직영,양승혁,PRRS,혈청,,1RQVRykaGDs11X-ybHRLD_7Qk-AP4Hizi,
25-05040_항원,2025-06-04,DB1001,성진,직영,양승혁,PRRS,항원,,13AdTvnNsCXF1hvijJiL8D9Pg6LYF-_SM,
25-05021_항원,2025-06-02,DB1001,성진,직영,양승혁,PRRS,항원,,1enzQxvpq8bkzrp_8b71LHz3qYu2Bo_5U,
25-05019_항원,2025-06-02,DB1001,성진,직영,양승혁,PRRS,항원,,1TM8cdYo6kGdZnJfT-okuVqQRVrpAqKZR,
25-05022_항원,2025-06-02,DB1001,성진,직영,양승혁,PRRS,항원,,1a1CzFz47Hx_duA4iyW6r7Ml4RLf8-WKG,
25-05007_항원,2025-06-02,DB1001,성진,직영,양승혁,PRRS,항원,,1MQnfVAJzercgK049Vt7vJVVcbUXDJz-E,
25-05022_혈청,2025-06-02,DB1001,성진,직영,양승혁,PRRS,혈청,,1vA6hh85AM-5E7Z5_WOk95p59iZfmoBkq,
25-05021_혈청,2025-06-02,DB1001,성진,직영,양승혁,PRRS,혈청,,1gg-r6og0DENXgq1tRg9ZXda4tz4Vh3VH,
25-04821_항원,2025-06-02,DB1001,성진,직영,양승혁,PRRS,항원,,1k4GmQ3NSwiVBQLHdL90yxkAOGT8UGOFt,
25-05019_혈청,2025-06-02,DB1001,성진,직영,양승혁,PRRS,혈청,,1H4K69uyyyzHLpM-i_085fQz5bidEGQAD,
25-05007_혈청,2025-06-02,DB1001,성진,직영,양승혁,PRRS,혈청,,1PnjP7hoY_PQ0iri5y-lAUZXFUTVivM30,
25-04992_항원,2025-05-31,DB1001,성진,직영,양승혁,PRRS,항원,,1nNiOyJm9mw35cRO3n1XzMoZ0ySJm5DXS,
25-04992_혈청,2025-05-31,DB1001,성진,직영,양승혁,PRRS,혈청,,1mPDHie14KvaKyNJ1D_4EiLlpX9j_g6td,
25-04893_혈청,2025-05-29,DB1001,성진,직영,양승혁,PRRS,혈청,,1yMjkQmn0ZjpaSeS0w-BNixNLby7tNUva,
25-04892_혈청,2025-05-29,DB1001,성진,직영,양승혁,PRRS,혈청,,1Q8Mlh2CuxZKL2imGz63R0-rcFZsMEZpb,
25-04893_항원,2025-05-29,DB1001,성진,직영,양승혁,PRRS,항원,,1IpM4RDnOWEjBOBDE7YCJWh4ubz80VQr8,
25-04892_항원,2025-05-29,DB1001,성진,직영,양승혁,PRRS,항원,,1cv3TLg6jL6Xx3zyEi4FcRV5eSKC6CMB-,
25-04284_,2025-05-29,DB2006,대월,직영,고상억,PRRS,,,16OyDEWOFU3Vt6e5Ig7Yd6yVUXTkyeQFI,
25-04822_항원,2025-05-28,DB1001,성진,직영,양승혁,PRRS,항원,,1JL_Y7w9chSbnBT6GE75iVHPq_r3wsbZL,
25-04822_혈청,2025-05-28,DB1001,성진,직영,양승혁,PRRS,혈청,,1mxRcRvCuZqvb0I4nsl2P-ZwQoJL_F3OW,
25-04755_항원,2025-05-27,DB1001,성진,직영,양승혁,PRRS,항원,,1q5ibhNqgiXHdrnOJ0V13Z9DCcYHOc67_,
25-04755_혈청,2025-05-27,DB1001,성진,직영,양승혁,PRRS,혈청,,1LWjwrOSUCI5AwS5LJxgYPX7uB5gTYdrN,
25-04721_항원,2025-05-26,DB1001,성진,직영,양승혁,PRRS,항원,,1JmFiQ9uMS_U0QkG0CCGwCkXBY_0flf5Y,
25-04720_항원,2025-05-26,DB1001,성진,직영,양승혁,PRRS,항원,,1LXVjDN8_aGBPwjCodlLM438MTAygZlcv,
25-04719_항원,2025-05-26,DB1001,성진,직영,양승혁,PRRS,항원,,13FuHEnho9mK9Hpn7rdVWRyLlB56CLHOh,
25-04720_혈청,2025-05-26,DB1001,성진,직영,양승혁,PRRS,혈청,,1PZaCGj1QC-XS7MBDz4Ya-LduC5AekeIr,
25-04719_혈청,2025-05-26,DB1001,성진,직영,양승혁,PRRS,혈청,,1Puc7bbqX12lyexJxiCx0eCXDy2T7GRF-,
25-04547_,2025-05-26,(세균) 25-04547 DB3025,(세균) 25-04547 DB3025,-,-,PRRS,,,1fw9IMaVspSi1c_AfXTRdG_-rOjpPP-oK,
25-04593_항원,2025-05-22,DB1001,성진,직영,양승혁,PRRS,항원,,1drIVNJAf4M0vRSNOlDJ1ImB_2RBUWui_,
25-04547_항원,2025-05-21,DB1001,성진,직영,양승혁,PRRS,항원,,1OAD1swQe5GjN8sIS6DzZuxyuuD_2Iwhi,
25-04485_항원,2025-05-20,DB1001,성진,직영,양승혁,PRRS,항원,,1XYICxUrLaL5DcvyybtFtSjfhL5AfNPzb,
25-04486_혈청,2025-05-20,DB1001,성진,직영,양승혁,PRRS,혈청,,15c8UcqhBulHsWo5Pc5vvkawPlirps15m,
25-04485_혈청,2025-05-20,DB1001,성진,직영,양승혁,PRRS,혈청,,1BaArmKS2P-Nt7p1WygFHVKJ21iziPwms,
25-04460_항원,2025-05-19,DB1001,성진,직영,양승혁,PRRS,항원,,1zMNDSV6ah4u7k6uUmXs6eMTeGP9PVeUZ,
25-04464_항원,2025-05-19,DB1001,성진,직영,양승혁,PRRS,항원,,1BMC1WtVp0gMzPHFMjdHvAgYQ5eaQEIIq,
25-04463_항원,2025-05-19,DB1001,성진,직영,양승혁,PRRS,항원,,1g9VpE6VArl6W8e2c5IzDu8Y7IwUWTXvd,
25-04311_,2025-05-19,(세균) 25-04311 상수2농장(HACCP),(세균) 25-04311 상수2농장(HACCP),-,-,PRRS,,,1wNwS9E6BSNxhwjXU5UEFV0POI7V6NlZ7,
25-04310_,2025-05-19,DB3005,관인,협력,양승혁,PRRS,,,1sZkcxmlR_fmlS7L_bN-ItKgDPgY0i3B7,
25-04203_,2025-05-16,DB3007,효돈,협력,양승혁,PRRS,,,1Sl1aLpJRB08HphUEJPq7wAJUKuPTCbVk,
25-03797_,2025-05-16,(수질검사) 25-03797 해금농장,(수질검사) 25-03797 해금농장,-,-,PRRS,,,1GU5QhXpVLLjBJ4LodJuNqGbsmxAu6GcM,
25-04360_혈청,2025-05-15,DB1001,성진,직영,양승혁,PRRS,혈청,,1WlE5uITE_qnBfAEtB5pO0XNGyzEm_n5o,
25-04362_항원,2025-05-15,DB1001,성진,직영,양승혁,PRRS,항원,,1Pbswgk2b6TKt20-lNbDC0oRD1orTXio1,
25-04360_항원,2025-05-15,DB1001,성진,직영,양승혁,PRRS,항원,,1MIGH1PvjKunmbWM2yOHnzLmmp4q5JYz6,
25-04205_항원,2025-05-13,DB1001,성진,직영,양승혁,PRRS,항원,,1GzNfrUTC9HpJ6tjnJMSIkZTPn6zE_qsX,
25-04204_항원,2025-05-13,DB1001,성진,직영,양승혁,PRRS,항원,,1bwccWRjHKPglsYfxi6HKFq46uSzbsrCD,
25-04205_혈청,2025-05-13,DB1001,성진,직영,양승혁,PRRS,혈청,,1_IxhguLbz43w7q4jZzyZxj0OcBfaQBA8,
25-04204_혈청,2025-05-13,DB1001,성진,직영,양승혁,PRRS,혈청,,1eRzEzsYzZ_ZBbky3_qsK2fNNAUcbjrXT,
25-04175_항원,2025-05-12,DB1001,성진,직영,양승혁,PRRS,항원,,1AckUQ9ZZtrRapsmAQ0xE_rdw9yUVU5mS,
25-04137_항원,2025-05-10,DB1001,성진,직영,양승혁,PRRS,항원,,1z9VcEScCcEk_gGb038qOWlwMpF9tpom6,
25-03988_,2025-05-09,(qPCR) 25-03988 DA2009-PED(추가의뢰),(qPCR) 25-03988 DA2009-PED(추가의뢰),-,-,PRRS,,,1sbUJhnZVdkJqMoJwSzB4JpQnNURMukJP,
25-03990_항원,2025-05-08,DB1001,성진,직영,양승혁,PRRS,항원,,1xaLlOyoxiR4YAoKR8ThWn_YZGk0hhlCX,
25-03991_항원,2025-05-08,DB1001,성진,직영,양승혁,PRRS,항원,,14PKqDK8WfVkYql_CHAHNzmaSMUrcM5pK,
25-03989_항원,2025-05-08,DB1001,성진,직영,양승혁,PRRS,항원,,1mnPp4G6rpWjbZgnnGLpdmaIFlUIBsEbd,
25-03992_항원,2025-05-08,DB1001,성진,직영,양승혁,PRRS,항원,,172K8rzeyZqjypFOEOhGSIhbMp0ptffMl,
25-03988_항원,2025-05-08,DB1001,성진,직영,양승혁,PRRS,항원,,1BB7Wa1FWEnGl-fCp2oPploEjOVFPaf24,
25-03992_혈청,2025-05-08,DB1001,성진,직영,양승혁,PRRS,혈청,,1_j6wqNMPSA3tUQYzHSkuoS-0LYNY4aNO,
25-03938_혈청,2025-05-03,DB1001,성진,직영,양승혁,PRRS,혈청,,15ej1BbQI-dghXtvtgz4bQf25zlWwJsrV,
25-03937_혈청,2025-05-03,DB1001,성진,직영,양승혁,PRRS,혈청,,1ZRRmzgm8yNpaJqIPq9GsxOZujLGFCEh0,
25-03936_혈청,2025-05-03,DB1001,성진,직영,양승혁,PRRS,혈청,,1z32EyFeJ_rogJCADXCKvNGt1WaU-0Po-,
25-03935_혈청,2025-05-03,DB1001,성진,직영,양승혁,PRRS,혈청,,1RCv7mHnSvXfvBjT7SW3qPBq6klMf9zBt,
25-03937_항원,2025-05-03,DB1001,성진,직영,양승혁,PRRS,항원,,1--tGq3O0CT8VC5rAtNQcVOlygrIVKBNQ,
25-03935_항원,2025-05-03,DB1001,성진,직영,양승혁,PRRS,항원,,1gYoR6A8n6bEg6uVIZcbypBXZkjojU1GQ,
25-03938_항원,2025-05-03,DB1001,성진,직영,양승혁,PRRS,항원,,1xR8d8JHLFoLptN3ux9AkKjI5v9-TGW-Q,
25-03936_항원,2025-05-03,DB1001,성진,직영,양승혁,PRRS,항원,,1ETof-ahVmsPOUJqIf7xT3xSKZi4L0GyY,
25-03872_항원,2025-05-02,DB1001,성진,직영,양승혁,PRRS,항원,,1PI1VeP7Iz8usix9pJ53E4bg5MnOvXeKc,
25-03870_항원,2025-05-02,DB1001,성진,직영,양승혁,PRRS,항원,,1teRYrEfaczBXzkRxZO3WLXUS4Wut2DhE,
25-03870_혈청,2025-05-02,DB1001,성진,직영,양승혁,PRRS,혈청,,19-sCoLUFJVAxNGnnhsseuF4in-bzBIvX,
25-03842_항원,2025-04-30,DB1001,성진,직영,양승혁,PRRS,항원,,1Sv4JBWSGDb0Yl5MEUNwLoQtehWp21u_9,
25-03841_항원,2025-04-30,DB1001,성진,직영,양승혁,PRRS,항원,,1UWws5a1IY4sLBjDBz2LLdPxe4iLhjEP3,
25-03840_항원,2025-04-30,DB1001,성진,직영,양승혁,PRRS,항원,,1Gb3ln5FlRbyjTS74FZFCJ2ZptyCKiZVV,
25-03815_항원,2025-04-30,DB1001,성진,직영,양승혁,PRRS,항원,,10wNOPkMgPxXotsd-aPNZPkNbHRh9CHwB,
25-03616_,2025-04-30,DB1001,성진,직영,양승혁,PRRS,,,1Udc4Lo0arCnwso44sdWgLiq07m3Pa1Ew,
25-03842_혈청,2025-04-30,DB1001,성진,직영,양승혁,PRRS,혈청,,1eOb5tFRo840dZd5AfUTQTJuCqrNNhgaI,
25-03841_혈청,2025-04-30,DB1001,성진,직영,양승혁,PRRS,혈청,,192vjtwDQhE_BRmui3hZYewemQKAp1e_X,
25-03840_혈청,2025-04-30,DB1001,성진,직영,양승혁,PRRS,혈청,,1zhh8rqD_5x573ZfqjdPCA8sh7_udFwU9,
25-03815_혈청,2025-04-30,DB1001,성진,직영,양승혁,PRRS,혈청,,1kwjHKvthMusb75ToH5s4d-isysRiyPs-,
25-03731_항원,2025-04-29,DB1001,성진,직영,양승혁,PRRS,항원,,1cIEpR6UNZYRf5W9SqMc277zGjRs-g_aJ,
25-03730_항원,2025-04-29,DB1001,성진,직영,양승혁,PRRS,항원,,1d35AdrswqceQkYt6BvRnW7MhRSgvXk0L,
25-03731_혈청,2025-04-29,DB1001,성진,직영,양승혁,PRRS,혈청,,19UHiZnaFcWG-JMaD0ebSLIrVGfw0Xm8S,
25-03764_항원,2025-04-29,DB1001,성진,직영,양승혁,PRRS,항원,,1xFFruDZkXxG_ZnwJGA2Rqs5t-AfQtR8i,
25-03710_항원,2025-04-28,DB1001,성진,직영,양승혁,PRRS,항원,,1KqL9PrDShvOAzvIh5qKV-jCSt9hCMZdd,
25-03713_항원,2025-04-28,DB1001,성진,직영,양승혁,PRRS,항원,,13VOjQZp1rIfQ_Mfx2XBvG-rxAdLv1Zyo,
25-03710_혈청,2025-04-28,DB1001,성진,직영,양승혁,PRRS,혈청,,10UmPYZAssz05ECwwXFYA-A6EoGV5TeVI,
25-3616_,2025-04-28,(염기서열분석) 25-3616 DA2007,(염기서열분석) 25-3616 DA2007,-,-,PRRS,,,1PbjIuy4s8PM0nM8g7iCCXRjg-VjAqPXB,
25-03696_항원,2025-04-26,DB1001,성진,직영,양승혁,PRRS,항원,,13qKQal46TyvKz7Hju29vXtBrtMkgim6s,
25-03696_혈청,2025-04-26,DB1001,성진,직영,양승혁,PRRS,혈청,,1U53PFoQjQaK3Gywd9B4VOmcnrCMxu0H3,
25-03616_항원,2025-04-25,DB1001,성진,직영,양승혁,PRRS,항원,,1LOd7RzP3r2oHd1764jHhiISGG_YZURzi,
25-03548_혈청,2025-04-23,DB1001,성진,직영,양승혁,PRRS,혈청,,1odM4tqYtzHZlmu9GdI5DOcoKLFAci1O3,
25-02966_,2025-04-11,DB2010,문강,직영,박지형,PRRS,,,1duDgZLxd7OL6CrSiTlo75c5uZyDBPeIa,
25-02995_항원,2025-04-08,DB1001,성진,직영,양승혁,PRRS,항원,,1bXcDPejfqzONOEMGnIf9Hh9vFQmrYbF9,
25-02965_항원,2025-04-08,DB1001,성진,직영,양승혁,PRRS,항원,,10rGAqnnjMy0ClupEZWp-JB6Vgc9riGYo,
25-02995_혈청,2025-04-08,DB1001,성진,직영,양승혁,PRRS,혈청,,1BuyLSVpIj3xPlbLLmj7646BgC-S5ydoz,
25-02965_혈청,2025-04-08,DB1001,성진,직영,양승혁,PRRS,혈청,,1SaMQlEatpMT8-Vv7rwalZIn9iCFcWQLk,
25-02849_항원,2025-04-03,DB1001,성진,직영,양승혁,PRRS,항원,,1uoK87rhYeYMRV4EB27gcLjZYmPPCWWJU,
25-02849_혈청,2025-04-03,DB1001,성진,직영,양승혁,PRRS,혈청,,1MvH1yT8X0KfPUvfF87M7vfWDzTCrGsz-,
25-02734_항원,2025-04-02,DB1001,성진,직영,양승혁,PRRS,항원,,1xWdYZTLi1rUegW0kjfD0xewOdbC1Onxg,
25-02659_항원,2025-03-31,DB1001,성진,직영,양승혁,PRRS,항원,,1WOUCuGp2fJ6SswPB6R9U52H1fTWn5w9F,
25-02560_,2025-03-27,(qPCR) 25-02560 DB3025-PRRS,(qPCR) 25-02560 DB3025-PRRS,-,-,PRRS,,,119143346X-ZBkBRY7EY6Vt7LmCjSitQ9,
25-02395_혈청,2025-03-22,DB1001,성진,직영,양승혁,PRRS,혈청,,166IeuulP0yQYAAjdtxPqt3HEGEfikZeP,
25-02395_항원,2025-03-22,DB1001,성진,직영,양승혁,PRRS,항원,,1MDfxrEmSFNXilJCejsJVs0Ilp8SXzTFk,
25-02220_,2025-03-21,DB3002,삼경,협력,장석현,PRRS,,,1LwoZRC0S02R1KFKlyC6b3uwHh4P8d_dY,
25-02087_항원,2025-03-13,DB1001,성진,직영,양승혁,PRRS,항원,,1zfmNY9oLfDA6RRKKXj-SBBry9hThAZ0x,
25-02087_혈청,2025-03-13,DB1001,성진,직영,양승혁,PRRS,혈청,,13SZusheKNoC3dqgJSewth_EgQoo7GhFx,
25-02015_혈청,2025-03-12,DB1001,성진,직영,양승혁,PRRS,혈청,,1OAVFXIegmkhEzBkexm1CJNXfKmqVCVUE,
25-02015_항원,2025-03-12,DB1001,성진,직영,양승혁,PRRS,항원,,120QzhrqNwdrp2RO6NX178QdzkcO3LRX1,
25-01961_혈청,2025-03-11,DB1001,성진,직영,양승혁,PRRS,혈청,,1x6OLe8UXGIwMPs3ujldOgK79EJF4J8MN,
25-01836_항원,2025-03-06,DB1001,성진,직영,양승혁,PRRS,항원,,15APaVHROsZSLBEa2P-TRFwY2d4PeC-cf,
25-01836_혈청,2025-03-06,DB1001,성진,직영,양승혁,PRRS,혈청,,147MCdELOtxe6J5XgNZ7UDp7w_B-35OZU,
25-01554_혈청,2025-02-26,DB1001,성진,직영,양승혁,PRRS,혈청,,1kzbg-hGv1dJxFUKHtpJNT5KZ2oCRVwj0,
25-01304_항원,2025-02-19,DB1001,성진,직영,양승혁,PRRS,항원,,1GgPLGanMbsCfv5CCvu91PYXuan4tfGMW,
25-01304_혈청,2025-02-19,DB1001,성진,직영,양승혁,PRRS,혈청,,1mkW4F54dELBkqR0xQFwHHZF6KCWIsTyy,
25-01136_항원,2025-02-13,DB1001,성진,직영,양승혁,PRRS,항원,,1sbjcw4bmztiN5B2MYFmA0cvheskOKLVI,
25-01136_혈청,2025-02-13,DB1001,성진,직영,양승혁,PRRS,혈청,,1CjOw4MQngVmSlg45txw2hjPTx61zUp5B,
25-01040_항원,2025-02-11,DB1001,성진,직영,양승혁,PRRS,항원,,1fLfB7-42shdEdV-BLgzZgQnevx4IGDOF,
25-01040_혈청,2025-02-11,DB1001,성진,직영,양승혁,PRRS,혈청,,1dV7FEw7m7INO-1mgdjP2CsQg1Erbdk20,
25-00852_항원,2025-02-05,DB1001,성진,직영,양승혁,PRRS,항원,,1QD4fn_2_Fg0HGQ7rin_z27UO00n2qrUO,
25-00852_혈청,2025-02-05,DB1001,성진,직영,양승혁,PRRS,혈청,,1VzsHmkbZEZl2LNXsV77QnPadjTx05Bwu,
25-00349_,2025-01-23,DB1002,대덕,직영,박지형,PRRS,,,1759L6DCS8X9zza--24hKJA21t83rBpn_,
24-11284_항원,2024-12-31,DB1001,성진,직영,양승혁,PRRS,항원,,1LQtBzZY0uHe20Ia96E2x69WmoyLZvbLR,
24-11284_혈청,2024-12-31,DB1001,성진,직영,양승혁,PRRS,혈청,,19o2FziNI12GWV0R3H6cP7746wWALFByo,
24-10770_항원,2024-12-12,DB1001,성진,직영,양승혁,PRRS,항원,,10hOc_WrM9VFpmnoUJB96ATE4kASh0S0v,
24-10770_혈청,2024-12-12,DB1001,성진,직영,양승혁,PRRS,혈청,,1IkxTyRrU2m0xzf35hsV9rww61WABq8Cr,
24-10710_항원,2024-12-11,DB1001,성진,직영,양승혁,PRRS,항원,,1ZnhzOZwgd50SeWJvXVrZ0pUfRAH2Hpfg,
24-10167_항원,2024-11-25,DB1001,성진,직영,양승혁,PRRS,항원,,1xB_vil1Jxz61uEHgVeN3wZ1EtqKDvRVb,
_항원,2024-11-20,DB1001,성진,직영,양승혁,PRRS,항원,,1BDF0JJ8Ds0gf7ZctMpOvuf2CeUWx0rdZ,
24-09970_항원,2024-11-19,DB1001,성진,직영,양승혁,PRRS,항원,,1rA1C2z1EuZhkfGCP5_98h9tsDwZXakBf,
24-09970_혈청,2024-11-19,DB1001,성진,직영,양승혁,PRRS,혈청,,1ulHmpN5dhnPiuITjuzlVbwu6Dcl4_k2Q,
24-09938_항원,2024-11-18,DB1001,성진,직영,양승혁,PRRS,항원,,1y5jWPuKKYXMq-u1b31m7pQ2_jjXSB1A3,
24-09942_항원,2024-11-18,DB1001,성진,직영,양승혁,PRRS,항원,,1GaY3I985Z-I9r8Kz7_easi-3ovvdkokw,
24-1414_,2024-11-15,DB1001,성진,직영,양승혁,PRRS,,,1OOFdR_-jrjwjWfZwUbvXHOZK3hpnILvO,
24-1411_,2024-11-14,DB4001,자영,위탁장,장석현,PRRS,,,12f3zIEs-L-6VE7O3m-L7BDMX1_9DkBc4,
24-1405_,2024-11-13,DB4002,구산,위탁장,박지형,PRRS,,,1wWacfeB4jDTJRkSwy9O8yNdDB4YlhAWD,
24-1404_,2024-11-13,DB5002,조치원,SP센터,이희원,PRRS,,,14M21ofADtEyGQKnHLB5IMeptergTNqak,
24-1403_,2024-11-13,DB3021,화진,협력,양승혁,PRRS,,,1aLgiRZ5AweMjNXx-z0WZYHsjQukaV5KQ,
24-09756_항원,2024-11-12,DB1001,성진,직영,양승혁,PRRS,항원,,1pcROzovyEDto8u2HkP7dv_ybRNUaXftg,
24-1401_,2024-11-12,DB2011,서후,직영,박지형,PRRS,,,104OVdOdpB6fBq2F71LuAhlKRUlgxJ9MC,
24-1400_,2024-11-12,DB1002,대덕,직영,박지형,PRRS,,,113ncfUKIeVnbOyPkUni2aZKLjyYFAYYu,
24-1399_,2024-11-12,DB2008,여울목,직영,고상억,PRRS,,,1_W_9XsOtVYw91fFN1YqNICUX9UEm6LE5,
24-1398_,2024-11-12,DB3022,한빛피플,협력,장석현,PRRS,,,1O2B_bziEptTgfimzcM0aiVXAumclup0i,
24-1397_,2024-11-12,DB2015,다원,직영,고상억,PRRS,,,14co-4BYXrod4uJgVIbNuebO9EQIO3WJI,
24-1396_,2024-11-12,DB4014,버들,직영,양승혁,PRRS,,,157pIvBwGtkKhH3mGeUVGY3C6NeBT76yl,
24-1395_,2024-11-12,DB3007,효돈,협력,양승혁,PRRS,,,1S14kZjQTxWqMmjBNGQ4ik_sircJ_D5qY,
24-1394_,2024-11-12,DB3016,남도,협력,장석현,PRRS,,,1BKs0QI0-lvo3R47kQFBno-T_x_faJz6_,
24-1393_,2024-11-12,DB3014,운도,협력,양승혁,PRRS,,,1xofgKNBt2_6lOu-RGlLEfP3taxjef0ur,
24-1392_,2024-11-12,DB3017,성산,협력,이희원,PRRS,,,1FR5brXvfOKhTecID_ZR2YjIEb9Y_sBgt,
24-1375_,2024-11-12,DB2006,대월,직영,고상억,PRRS,,,122cOTn5KbtPqaCeTG8p2KvQqFw9lTQir,
24-1383_,2024-11-08,DB1001,성진,직영,양승혁,PRRS,,,1sxR9HA5zgXJ1a98RXEaiEOSZt-KBXKmJ,
24-1382_,2024-11-08,DB4003,유기,위탁장,박지형,PRRS,,,1PbcjnXhgujZcDg_D-hGJU39aYV7ruUqE,
24-1381_,2024-11-08,DB2010,문강,직영,박지형,PRRS,,,1x_lkXgl0YSepRr1Dpir7-7LEJQVjPvLd,
24-09344_,2024-11-08,DB3016,남도,협력,장석현,PRRS,,,1Cvo3jcOhdr7V5c2RtOxPzCstg4O8MZta,
24-1374_,2024-11-07,DB4014,버들,직영,양승혁,PRRS,,,1V5T0f6rJPaZCVUkarIbipW9icsOJNFX_,
24-1373_,2024-11-07,DB3001,조산,협력,박지형,PRRS,,,1UwCjTPJgWmsS01ZdmmrFSyEKzpb8wkOS,
24-1368_,2024-11-06,DB3021,화진,협력,양승혁,PRRS,,,1yVeBwZLeD3XL6y3WAhEifKaV-RwO9pdB,
24-1367_,2024-11-06,DB2009,해림,직영,이희원,PRRS,,,1pqmz9tvUfZv6p4HPKNH50viU1MaNBZCW,
24-1364_,2024-11-05,DB2011,서후,직영,박지형,PRRS,,,1o81Ler7ODfgF_pca6QLrrwtkAEg636wv,
24-1363_,2024-11-05,DB2015,다원,직영,고상억,PRRS,,,1b3_ZzxCjvRIpnCIik8JK3CBe938MgFrI,
24-1362_,2024-11-05,DB5001,중원,SP센터,장석현,PRRS,,,1IsQHjZHju3llmi-VKS5Voo1vYjxE-MhT,
24-1361_,2024-11-05,DB3007,효돈,협력,양승혁,PRRS,,,1iaLUGS8RHKvj_t71Q5K-YZe8V6BiNRGB,
24-1360_,2024-11-05,DB3016,남도,협력,장석현,PRRS,,,1kaYzmaxzVvTnmWhkzF5d7_PnsHeqhEfw,
24-1359_,2024-11-05,DB3014,운도,협력,양승혁,PRRS,,,1HpqdSJs0XKHihCNV24ruTFIaAmM4wHod,
24-1358_,2024-11-05,DB3017,성산,협력,이희원,PRRS,,,177rVT74OnueDmw3tA0IN0P67of9wuRLU,
24-1348_,2024-11-01,DB1001,성진,직영,양승혁,PRRS,,,1mTSuBhUT0bxtvEohC94FGxqpUXiupXe4,
24-09343_혈청,2024-10-30,DB1001,성진,직영,양승혁,PRRS,혈청,,17yiMso7JziuQij_7NFBcnHLcvAQEz6Qr,
24-1339_,2024-10-30,DB3021,화진,협력,양승혁,PRRS,,,1OQr9SEpUfYA6RqN5-AKrwJeXyEKT62G2,
24-1338_,2024-10-30,DB2010,문강,직영,박지형,PRRS,,,1Bawe1VnitCl4KNj7VvEk9WmMhrZX16JC,
24-09316_혈청,2024-10-29,DB1001,성진,직영,양승혁,PRRS,혈청,,1hAZYt9_58QPUHTH1-KUwS2WqE98Ba7nA,
24-09316_항원,2024-10-29,DB1001,성진,직영,양승혁,PRRS,항원,,1huEQYowMWmPwuLzWtOCpUX89IOMEW6Gq,
24-1331_,2024-10-29,DB3017,성산,협력,이희원,PRRS,,,16i0ow3hUfZ2143sj3wEMe9kYPXoVGdXG,
24-1336_,2024-10-29,DB3016,남도,협력,장석현,PRRS,,,1xACBPKVY9GInHUXvHvHnVUSE3mlD-FF0,
24-1335_,2024-10-29,DB3002,삼경,협력,장석현,PRRS,,,1GMYNOrebpKqZjEQHd6PSUXHkrC6cAEsj,
24-1334_,2024-10-29,DB2008,여울목,직영,고상억,PRRS,,,1wly2tKxje2HAPK3_j2U_bMB9bZmnVukk,
24-1333_,2024-10-29,DB5002,조치원,SP센터,이희원,PRRS,,,1cYHz8vtR4iFAR0fqSxtFS2AJ6qxMuy6s,
24-1332_,2024-10-29,DB2015,다원,직영,고상억,PRRS,,,1yMx7q3INcKmy7iqjw1tkHxUeMwiHDTZh,
24-1330_,2024-10-29,DB3014,운도,협력,양승혁,PRRS,,,19xFtmXHhmksPyHmgRMIGCG3VgegT7XCK,
24-1329_,2024-10-29,DB3007,효돈,협력,양승혁,PRRS,,,1y3u7bWoxDbiXapyCeaj2XRUA0pKB_xzQ,
24-1328_,2024-10-29,DB4014,버들,직영,양승혁,PRRS,,,1PuCDJCkLSn2sKXIF0FAws9Ub__p5nj1G,
24-1320_,2024-10-25,DB1001,성진,직영,양승혁,PRRS,,,1jf8R2OHLu_hjK8FBSAVy5Q9_oXKGDm5I,
24-1315_,2024-10-24,DB2006,대월,직영,고상억,PRRS,,,1afNoQxVDo1oyd9upK81lGUhqTf4AWBUj,
24-1301_,2024-10-24,DB3002,삼경,협력,장석현,PRRS,,,1XL-QJmboHexR_N2lPJ5SqVztHR1ck40W,
24-1306_,2024-10-24,DB2011,서후,직영,박지형,PRRS,,,1ymdwhfnjF3iV11JvnDutzhaDWdwDkL5N,
24-1307_,2024-10-23,DB2009,해림,직영,이희원,PRRS,,,1l4nFb1JTqni3mgQthEyHEc6fPCOEWlR7,
24-09026_항원,2024-10-22,DB1001,성진,직영,양승혁,PRRS,항원,,1Yeg3tDVVitZP0C9pXke9KqJyf39e-cYO,
24-1303_,2024-10-22,DB2011,서후,직영,박지형,PRRS,,,1ILwQSPKhbMqxeOVC0ceU0LCrFBQUThqh,
24-1302_,2024-10-22,DB5001,중원,SP센터,장석현,PRRS,,,1XQ2z5QYbzyGHEp89NPSO3vx84oXc0e0l,
24-1300_,2024-10-22,DB3002,삼경,협력,장석현,PRRS,,,10diBofTWGocKWGeZiXCSlniDUoIZcQP_,
24-1299_,2024-10-22,DB3016,남도,협력,장석현,PRRS,,,1WndNRfddWq7tZVpAAkAf0jsL5C-3vPJA,
24-1298_,2024-10-22,DB2015,다원,직영,고상억,PRRS,,,1QQtix4AFkHk5r7vJmfI9n6K8_nDa4yy2,
24-1297_,2024-10-22,DB3007,효돈,협력,양승혁,PRRS,,,1sNUP2R9PsxN7fo6kX-kSddVeWXoqZX4S,
24-1296_,2024-10-22,DB3014,운도,협력,양승혁,PRRS,,,1QH7yWa2PHC-QqW44Yyx6AoiA2Z_v7PkT,
24-1295_,2024-10-22,DB3017,성산,협력,이희원,PRRS,,,1Smqlp1BnRRkQiVmCsdU3I023VeG-az3V,
24-1294_,2024-10-22,DB4014,버들,직영,양승혁,PRRS,,,1KqgUI_aSXYrL1H7q2T3EfuDpbhLnd1pt,
24-1285_,2024-10-21,DB2010,문강,직영,박지형,PRRS,,,1jE7uWzu8wL1KhWmSGirhLORpxO8MkauA,
24-08998_항원,2024-10-21,DB1001,성진,직영,양승혁,PRRS,항원,,1X8FMtFvKaJFfVwU6-rePOyP6I96kAi2e,
24-1288_,2024-10-18,DB1001,성진,직영,양승혁,PRRS,,,11IrA8Hh25Te364ARazW3LE2VExBrIbSe,
24-08854_항원,2024-10-17,DB1001,성진,직영,양승혁,PRRS,항원,,1Qw-WEb2lNitLw1M-mDFeT2XR8Q5b2JMN,
24-1281_,2024-10-17,DB5002,조치원,SP센터,이희원,PRRS,,,1jxwK0H3Kkp_HdEvsF5guBzgxSDfWIASI,
24-08854_혈청,2024-10-16,DB1001,성진,직영,양승혁,PRRS,혈청,,1laUW8m-0gqKau3UDrEM0Txl51ayLvbl1,
24-1279_,2024-10-16,DB2015,다원,직영,고상억,PRRS,,,1RYFpgopuuR9fm9G4dpU2hI_mvjbOXy3-,
24-1278_,2024-10-16,DB1001,성진,직영,양승혁,PRRS,,,14pBUe7o2oksBeWAw3O1_aStO6mQYUoki,
24-1277_,2024-10-16,DB2006,대월,직영,고상억,PRRS,,,1DH26b-cUyPWPpqcHLUeC4j1pFW-vczqB,
24-1276_,2024-10-16,DB3002,삼경,협력,장석현,PRRS,,,1MqG-smd0zMS3CRU7kWG5nXRmaOw6Pu3r,
24-08793_항원,2024-10-15,DB1001,성진,직영,양승혁,PRRS,항원,,1djKA88FFntkDvMVqpTFPnK7CTzzMvqlC,
24-08793_혈청,2024-10-15,DB1001,성진,직영,양승혁,PRRS,혈청,,1Osk9xplRHlIHmYEVJy7UlCS9LHYL4qh9,
24-1270_,2024-10-11, 종돈차량), 종돈차량),-,-,PRRS,,,1bwIsn7mCgq7iJzOZgWC3_hnauriZ-CCU,
24-1269_,2024-10-11, 종돈차량), 종돈차량),-,-,PRRS,,,1CXXmrHNADDPaBDghUG5Q27joEbeJH9Ii,
24-1267_,2024-10-11,DB1001,성진,직영,양승혁,PRRS,,,1wuR6lVWJO6cyWWYxk6BD38ctqmSlM7Xf,
24-1260_,2024-10-11,DB2009,해림,직영,이희원,PRRS,,,14CFo5-NGD57mffcNH7W1JbTo7zBtS0-L,
24-1259_,2024-10-10,DB3025,인솔,협력,박지형,PRRS,,,16XWrvO6J9JEHmIONmCh1tISdX8GsqQEa,
24-1264_,2024-10-10,DB3021,화진,협력,양승혁,PRRS,,,1GUlsKWjEHWmoGqHvpHdZorR_R_qmm2sw,
24-1263_,2024-10-10,DB2011,서후,직영,박지형,PRRS,,,1_kMbhmc3aXs0YjQ7idMWL9RKo1XMtkEO,
24-1257_,2024-10-08,DB1002,대덕,직영,박지형,PRRS,,,1VXskDfgXYtrNgrFhqdYS9Z35QBIqARdb,
24-1255_,2024-10-08,DB2010,문강,직영,박지형,PRRS,,,1CETViF2iZGH5ulS6Oj1laD8of2tIDvTm,
24-1254_,2024-10-08,DB3014,운도,협력,양승혁,PRRS,,,1vuTy2_rFklnOJyGfPslhGfmSr0LNg_n5,
24-1253_,2024-10-08,DB3017,성산,협력,이희원,PRRS,,,1NPwmcUMxOuHhQEly8an0esJnRLYIv_Xl,
24-1248_,2024-10-08,DB4003,유기,위탁장,박지형,PRRS,,,1QAwXpu92vKbOQG4aYhy74IPH6srvSBJP,
24-1252_,2024-10-08,DB3016,남도,협력,장석현,PRRS,,,1FIPo5R3FPVhEHUc51dK4wHQxP3ZiYD9K,
24-1251_,2024-10-08,DB3007,효돈,협력,양승혁,PRRS,,,1Jb10bmUxP7m_sQX3fQQS4qB9b4-J4WYJ,
24-1250_,2024-10-08,DB3002,삼경,협력,장석현,PRRS,,,1sMIiIOFyB8QXSuzOdsH_O0405gpKYZ9s,
24-1249_,2024-10-08,DB2015,다원,직영,고상억,PRRS,,,1JHX5-KW2qRz2LDtksX0G82WgqP3au6oM,
24-1247_,2024-10-08,DB4014,버들,직영,양승혁,PRRS,,,1fTsQt_3x8EmQBDlLkooJVsyb3RkxqmAu,
24-1246_,2024-10-08,DB5002,조치원,SP센터,이희원,PRRS,,,1SCUc9O3pApmp4ZpYI_46DSeULH_ycsZD,
24-1245_,2024-10-08,DB2008,여울목,직영,고상억,PRRS,,,1oSwh3MBvlOWn3iF7WrEZr7Z4BVhijw2t,
24-1244_,2024-10-08,DB5001,중원,SP센터,장석현,PRRS,,,1GrPTlnXEa5Ge_4SyV2fnoxpdtxwrG3Nf,
24-1242_,2024-10-07,DB2014,진천,직영,박지형,PRRS,,,1Jv-NCNmMHYIP6CBTM1chWDpn4vKqCbIc,
24-1235_,2024-10-04,DB1001,성진,직영,양승혁,PRRS,,,1nFZFPnKazBota8gpu5zfGuVa6ZKf3fev,
24-1234_,2024-10-02,DB1002,대덕,직영,박지형,PRRS,,,1eSDYqoC96wcjqjw7rwxIoD56LQpOv9X2,
24-1233_,2024-10-02,DB3002,삼경,협력,장석현,PRRS,,,1Tn2slcZjkqt6tU8wKt58jj9P675keldv,
24-1232_,2024-10-02,DB4003,유기,위탁장,박지형,PRRS,,,1YHiJioQWeO3ZcMjNgW0QPYOUZAxtUxpL,
24-1231_,2024-10-02,DB4014,버들,직영,양승혁,PRRS,,,10XbK5ZH6k5CPmDUodcrC6Ohuc7D7f-cQ,
24-1230_,2024-10-02,DB2015,다원,직영,고상억,PRRS,,,1u1REtNWHFhWwYnlfHBPGlQMCE33KeJvd,
24-1229_,2024-10-02,DB3016,남도,협력,장석현,PRRS,,,1yIlxiMkg4mBFQPn21dkiq8bHBWaA2lL3,
24-1228_,2024-10-02,DB3007,효돈,협력,양승혁,PRRS,,,1HtVGrfRYos8Tz8lgt9TcxjBxap2EXK2b,
24-1227_,2024-10-02,DB3017,성산,협력,이희원,PRRS,,,1VHq5m8VLnL7LK2O9kvG4XcmPAAJBTFKr,
24-1226_,2024-10-02,DB3014,운도,협력,양승혁,PRRS,,,1oC_K8SVUaUsTRJ9m_zId7mMiDPoLCfGa,
24-1222_,2024-09-30,DB2006,대월,직영,고상억,PRRS,,,1xcnvO6GyLBCC809y7Awry2LSUDlmDFsV,
24-1212_,2024-09-30,네스트(3023청주한빛),네스트(3023청주한빛),-,-,PRRS,,,11qbCpFZN2t1GymjLu2qeAuXWWwoI66Sy,
24-1211_,2024-09-27,DB3022,한빛피플,협력,장석현,PRRS,,,1JNVckZkh7EZAMkUvZrtwSWge2V5abxGa,
24-1213_,2024-09-27,DB1001,성진,직영,양승혁,PRRS,,,1VoSfeSyrg_d6tpbEdrgo95hgOrNZMaFy,
24-1210_,2024-09-27,DB2010,문강,직영,박지형,PRRS,,,153Ry7yCnw7FGg67MPsCgDhNS-gc0-b9z,
24-08212_항원,2024-09-26,DB1001,성진,직영,양승혁,PRRS,항원,,1LRriOLSv7daTZoU41INo1eW4I3ZuKj2Y,
24-1207_,2024-09-26,DB2006,대월,직영,고상억,PRRS,,,10eHeJto6trmMKHvS9JJVKf6J40plFXuX,
24-1204_,2024-09-25,DB3021,화진,협력,양승혁,PRRS,,,1xbLUCuVgYLHclncWGkMigK5-LEbDHKEH,
24-1203_,2024-09-25,DB4003,유기,위탁장,박지형,PRRS,,,1-QKEEIWFH3O3NJzF9o5bkQ_NxEk78S7L,
24-1202_,2024-09-25,DB2008,여울목,직영,고상억,PRRS,,,19M4V4T7W-IgPsFMdqtz2Y7R8PdSwF38t,
24-1201_,2024-09-25,DB5002,조치원,SP센터,이희원,PRRS,,,1Z4B1baHoEjMVT1QjgtBu4xl2Z6l9E2od,
24-1196_,2024-09-25,DB3017,성산,협력,이희원,PRRS,,,1dZAWzgxOsHAh5Ec0tEuKiATZntzHwlqh,
24-1197_,2024-09-24,DB5001,중원,SP센터,장석현,PRRS,,,1HVcyvMo2JC_l4lVFMNNea7dt2Tqj_vur,
24-1195_,2024-09-24,DB2015,다원,직영,고상억,PRRS,,,1tsTXUhTya2HngydQsTj45BhPh7M2MLR3,
24-1194_,2024-09-24,DB3002,삼경,협력,장석현,PRRS,,,1YFu6C5gQreKAxRbUOJ1FOpr-0bgKPs-N,
24-1193_,2024-09-24,DB3016,남도,협력,장석현,PRRS,,,10XGt0VphStZifxKtL0fpKvsSXrorldMJ,
24-1192_,2024-09-24,DB4014,버들,직영,양승혁,PRRS,,,1SIQ8bkL6Gk3yvcrIelxXty1A4Y1_r9LH,
24-1191_,2024-09-24,DB3007,효돈,협력,양승혁,PRRS,,,19fB6FbyG7T-Ej0O7uvxY6xJwqpNs6rEq,
24-1190_,2024-09-23,DB3021,화진,협력,양승혁,PRRS,,,1vQt8SJzCb3UlOPZPHAl57x21vFA2CmUD,
24-1188_,2024-09-20,DB2009,해림,직영,이희원,PRRS,,,1EP9_fOQBvmVeKYJY05Ni-NlsPWk0ZRFZ,
24-1187_,2024-09-20,DB1001,성진,직영,양승혁,PRRS,,,11HcEjNPolV5dZRQyTwqu9_7qTikpXwMN,
24-1186_,2024-09-20,DB3007,효돈,협력,양승혁,PRRS,,,1JnCkEcLM4i8vE_a1lPmQNgUfr47w3u-0,
24-1185_,2024-09-20,DB4003,유기,위탁장,박지형,PRRS,,,1xfuOvFtctIpGsf4S1D-Mjas2V2s7N0py,
24-1184_,2024-09-20,DB2015,다원,직영,고상억,PRRS,,,1-cA_JPRIU9JaVxblekqX7O6Ceg-Ua67i,
24-1149_,2024-09-20,DB2009,해림,직영,이희원,PRRS,,,1bWoa3ff-8ObEwbP0kz5ZwSRH985sJ2AM,
24-07976_항원,2024-09-19,DB1001,성진,직영,양승혁,PRRS,항원,,1o9U0Rui9XC5Myry2oCK6bMI7uj6mlRnz,
24-07976_혈청,2024-09-19,DB1001,성진,직영,양승혁,PRRS,혈청,,13Ab5mktNlRY3DjDKji6tK0JaUct9XCq-,
24-07966_항원,2024-09-14,DB1001,성진,직영,양승혁,PRRS,항원,,1SE1hJC-5F9w4mSX8EeWJeb_bznvQKSv8,
24-1176_,2024-09-12,DB2006,대월,직영,고상억,PRRS,,,1SmtaW2OlwEhwrSw8HJENj0yvJrD5XF1d,
24-1173_,2024-09-11,DB5001,중원,SP센터,장석현,PRRS,,,14awfOP-t8GFFiezAuXQZ5pCtPjRbeXcg,
24-1172_,2024-09-11,DB3016,남도,협력,장석현,PRRS,,,1Ivd3YHGyIQNVsBFSc1GBe17sIvMlWRbq,
24-07809_항원,2024-09-10,DB1001,성진,직영,양승혁,PRRS,항원,,1LTNz3ok5kV7xn75mHR-YFKL_IZHqIzMU,
24-07809_혈청,2024-09-10,DB1001,성진,직영,양승혁,PRRS,혈청,,1dGSiRDGxZa8RBfdywBxbk30x2jNLTM6g,
24-1169_,2024-09-10,DB4003,유기,위탁장,박지형,PRRS,,,1tfPXCsSLj7VijijZxKEQnW7-hpQphGH5,
24-1168_,2024-09-10,DB3007,효돈,협력,양승혁,PRRS,,,1P_j0m-F1TSJFdlwU1erCZTlKnVbdZGTT,
24-1167_,2024-09-10,DB3017,성산,협력,이희원,PRRS,,,1R5-5okbHDn3uBRNTs0uT8eLrBKMC93kZ,
24-1166_,2024-09-10,DB3014,운도,협력,양승혁,PRRS,,,12B6_V1N80jylkCuwJ_BQfEJ_6IxDzW2K,
24-1165_,2024-09-10,DB2015,다원,직영,고상억,PRRS,,,1hZ8iXvuWU-nVgy1QPxX7sXyvFvg7iyJY,
24-1164_,2024-09-10,DB3002,삼경,협력,장석현,PRRS,,,1JyP4UN-Ha-Gaqx4uH4O1axBybgcmjeek,
24-1159_,2024-09-06,DB2011,서후,직영,박지형,PRRS,,,1jVTvSfajq6wgRFp_ZGCP_tIVBIJ8EsKN,
24-1158_,2024-09-06,DB3021,화진,협력,양승혁,PRRS,,,1IM1Xm_2XUnXASXbt4pKUOLUqI8pb9Hyy,
24-1155_,2024-09-05,DB4003,유기,위탁장,박지형,PRRS,,,1y_cBLIEVJUfpIm8hIe32VFri5fsh9Gcg,
24-1153_,2024-09-05,DB1001,성진,직영,양승혁,PRRS,,,1G5l3TLMFeC6tZCxIOCasaGIKWyC-jrJy,
24-1147_,2024-09-04,DB5002,조치원,SP센터,이희원,PRRS,,,1cdaNnpe9-NDi8ivNastNH0LY53nUy4sk,
24-1146_,2024-09-03,DB2008,여울목,직영,고상억,PRRS,,,1y91rUdC201vYU-hYAk9n4tGy6sh9qIwp,
24-1145_,2024-09-03,DB5001,중원,SP센터,장석현,PRRS,,,18srNj-IlgnP-_W8akDsDrjUUuAy94Kbt,
24-1144_,2024-09-03,DB4003,유기,위탁장,박지형,PRRS,,,11xJnWJ2ZswR3-WpI0EcWFNoHLSGGdUGT,
24-1143_,2024-09-03,DB3014,운도,협력,양승혁,PRRS,,,1kkFiL3SWtICAwFiL-pvedpSckohoY1-R,
24-1142_,2024-09-03,DB3007,효돈,협력,양승혁,PRRS,,,1SjL6DqA2CnJ1QLCMh_cXqGuWktPye0KU,
24-1141_,2024-09-03,DB2015,다원,직영,고상억,PRRS,,,1buO8YZ2T1vT7EDembQIE0Mqvd-YwaHf8,
24-1140_,2024-09-03,DB3016,남도,협력,장석현,PRRS,,,1pzdGkQ9htPylnjMlNp3CfqD-oNPbQOdn,
24-1139_,2024-09-03,DB3002,삼경,협력,장석현,PRRS,,,1rsQuTm-guLR1eCBieM_31tGb-EYeA1Ne,
24-1138_,2024-09-03,DB3017,성산,협력,이희원,PRRS,,,1J3YUXbRoMlIib4lvNKxCTIWhmc1QLTCj,
24-07503_혈청,2024-08-30,DB1001,성진,직영,양승혁,PRRS,혈청,,1XgB5rGRMOYg2Um-I5sxNEX7ftDkWh_nI,
24-07503_항원,2024-08-29,DB1001,성진,직영,양승혁,PRRS,항원,,1t2jRywU-yCOXUSOyCLtsIvWy-UpWIcUk,
24-07299_항원,2024-08-23,DB1001,성진,직영,양승혁,PRRS,항원,,15MGaHG4RcWEmRmka9Nwr1P_sC1Mi1LgR,
24-07129_항원,2024-08-19,DB1001,성진,직영,양승혁,PRRS,항원,,1kttIU_m3yi6u-U6RmmTTKRSbaMlXnFFA,
24-06694_항원,2024-08-01,DB1001,성진,직영,양승혁,PRRS,항원,,1PvYELr3HQoQBGmIDMEIHm4Yg__02F9V3,
24-06600_항원,2024-07-30,DB1001,성진,직영,양승혁,PRRS,항원,,1nR2f5oWIsoLpwc-bDUekbx642p4FMkXX,
24-06600_혈청,2024-07-30,DB1001,성진,직영,양승혁,PRRS,혈청,,1EeeU9PhtgFY6_pOXmNoxemhXoYw9_CEL,
24-06360_항원,2024-07-22,DB1001,성진,직영,양승혁,PRRS,항원,,1yCibeGM48-xGIRhOgmtKoBKMmO7yGp6_,
24-06309_항원,2024-07-19,DB1001,성진,직영,양승혁,PRRS,항원,,1L5axeznKBUJBNWwDvEuaHt9HzBBdrBHo,
24-05739_항원,2024-07-01,DB1001,성진,직영,양승혁,PRRS,항원,,1vWVajdVQFURclhcD_T5Rfs_BDDxLTb7B,
24-05063_,2024-06-18,DB2013,고흥,직영,장석현,PRRS,,,1EYaC3fs1eno0vHZLDLH9UMV59sq9Dc24,
24-05205_항원,2024-06-13,DB1001,성진,직영,양승혁,PRRS,항원,,1G1WERLqSE3zZnR2dILWTOqjiHPq_6eJf,
24-05064_항원,2024-06-11,DB1001,성진,직영,양승혁,PRRS,항원,,1rNTU-tJwRA57Y1IEIe0r5tG5P30b6KXm,
24-05063_항원,2024-06-11,DB1001,성진,직영,양승혁,PRRS,항원,,1cdNPtZJ8YWXJ7CMFeVQZ1kktiEVEIFn1,
24-05064_혈청,2024-06-11,DB1001,성진,직영,양승혁,PRRS,혈청,,18JgNo50izT7tk29IVgi1a2TfM4r7NlOW,
24-04844_항원,2024-06-03,DB1001,성진,직영,양승혁,PRRS,항원,,1pAvlFK0JwlweOwxqbRwLHzBtr7YIeX0l,
24-04675_혈청,2024-05-29,DB1001,성진,직영,양승혁,PRRS,혈청,,1yaPYzIwZItlu2oZNDm9rHhDxQ39n0P9M,
24-04674_혈청,2024-05-29,DB1001,성진,직영,양승혁,PRRS,혈청,,1UIbxMM-B9lvEt0jrREYMAulkjyeva0L6,
24-04673_혈청,2024-05-29,DB1001,성진,직영,양승혁,PRRS,혈청,,1zQYFyT3nm_sL42GRJB1rYDLzka2b1OlK,
24-04677_혈청,2024-05-29,DB1001,성진,직영,양승혁,PRRS,혈청,,1Rk3-chTJntJxIahy8xN928zsnE_FJ5Kf,
24-04150_,2024-05-21,DB3002,삼경,협력,장석현,PRRS,,,1vTcgJdoAzKWHnh7sEQ4wnAbUgjnfOe5l,
24-04112_혈청,2024-05-11,DB1001,성진,직영,양승혁,PRRS,혈청,,1nQ6_Pn5adEc4KuchRo3ji97ombMS3uZK,
24-04113_항원,2024-05-11,DB1001,성진,직영,양승혁,PRRS,항원,,1KTwaq8kZEYjxxAoJXZz-1g2ohucNIpnZ,
24-04112_항원,2024-05-11,DB1001,성진,직영,양승혁,PRRS,항원,,1sFB7CBGrliB67LZK-NYuI4e3Sl-l0V6R,
24-03629_항원,2024-05-07,DB1001,성진,직영,양승혁,PRRS,항원,,1X0BKji6lr4yiLkwScDhXWXhiktHRftAJ,
24-03307_항원,2024-04-19,DB1001,성진,직영,양승혁,PRRS,항원,,1K2YWEY4f8VY2BF6AXybEFgBszI1v9Uk_,
24-03066_항원,2024-04-12,DB1001,성진,직영,양승혁,PRRS,항원,,1M6zlJd5ipzwogLym8UjxSwnhwpLg8iRm,
24-02935_항원,2024-04-06,DB1001,성진,직영,양승혁,PRRS,항원,,1fjigJ2dzxmG02GE4uHgIoQ4DagvKCUcC,
24-02935_혈청,2024-04-06,DB1001,성진,직영,양승혁,PRRS,혈청,,1EqLuycCV0xm261neGgkIrsdJUWSZmKpC,
24-02607_항원,2024-03-28,DB1001,성진,직영,양승혁,PRRS,항원,,1mbzz1w2CP1qJ-hKqUYk_rvKtsSxSFYwk,
24-02584_항원,2024-03-28,DB1001,성진,직영,양승혁,PRRS,항원,,1e_gTPicMrYBKQI1Z6J5PHJqUzIJ4dJyd,
24-02570_항원,2024-03-28,DB1001,성진,직영,양승혁,PRRS,항원,,1KvgV811YNE_kxuLg8zb55B6mqHND3Ydc,
24-02584_혈청,2024-03-28,DB1001,성진,직영,양승혁,PRRS,혈청,,1gNIzs3peaEDfpylzHhjjTiuIw-b9dIgS,
24-02607_혈청,2024-03-28,DB1001,성진,직영,양승혁,PRRS,혈청,,1lN_wf8gd1re90etY19dgvJeKZWOLRYua,
24-02570_혈청,2024-03-28,DB1001,성진,직영,양승혁,PRRS,혈청,,1yQRZ0tZqqE3g9i13cMdxKw7YcXAIjeIJ,
24-02312_항원,2024-03-19,DB1001,성진,직영,양승혁,PRRS,항원,,1hiedXR6HQNb7u5ATBqZek3chkE7iy99h,
24-02312_혈청,2024-03-19,DB1001,성진,직영,양승혁,PRRS,혈청,,10Xg9wQPpZiLLStMVG3znnRtcEr6Le2qT,
26-01888_항원,2026-03-05,DB1001,성진,직영,양승혁,PRRS,항원,,1iojLWI-t_9Bs7DwTbAw4Ix2fk6l-c6uz,
26-01889_항원,2026-03-05,DB1001,성진,직영,양승혁,PRRS,항원,,1SoK835UK0Mi9ZMWQMUk6E6yYdCKzNQRz,
26-01888_혈청,2026-03-05,DB1001,성진,직영,양승혁,PRRS,혈청,,1gI0bPvFvrzO39Ep8ecLjOdm9fKJoc2Qi,
26-01875_항원,2026-03-04,DB1001,성진,직영,양승혁,PRRS,항원,,1-PIPU8RNwzu8PlDt5DPjETR8XrPTddwW,
26-01875_혈청,2026-03-04,DB1001,성진,직영,양승혁,PRRS,혈청,,1ET7jCzLxVSqSRZoD1FOeyYwzGw6gj6HJ,
26-01800_항원,2026-03-03,DB1001,성진,직영,양승혁,PRRS,항원,,1Xz0rEsyDld5kkfjglK93Oe2zesvYJSY_,
26-01800_혈청,2026-03-03,DB1001,성진,직영,양승혁,PRRS,혈청,,1kNvE_haoiPgHhen_Ev4dSlJeFlkU30Io,
26-01243_항원,2026-02-19,"다비유종 비교(26-01243,01161,01093,25-11916,22-06063)","다비유종 비교(26-01243,01161,01093,25-11916,22-06063)",-,-,PRRS,항원,,1b7D8_HKYCNl1rSph-cS5P2J6XCUMAX6I,"20260219_다비유종 비교(26-01243,01161,01093,25-11916,22-06063).pdf"
26-01243_항원,2026-02-13,(염기서열분석) 26-01243 DA2008,(염기서열분석) 26-01243 DA2008,-,-,PRRS,항원,,10_2sTsFx9rhLcBq0CVWvb7Q6P7PRnejU,20260213_(염기서열분석) 26-01243 DA2008.pdf
26-01092_항체,2026-02-04,DB1001,성진,직영,양승혁,PRRS,항체,,1prNpoZwtRANfRZJbip_xZoVfF69IEEx7,20260204_(혈청) 26-01092 DA2008.pdf
1iM6f1eiRm_항원,2026-01-22,DB1001,성진,직영,양승혁,PRRS,항원,,1iM6f1eiRm4wssnAWMNbhclp2eiq1zAwt,20260122_26-079 양산AI센터.pdf
16rn7nrR0i_항원,2026-01-08,DB1001,성진,직영,양승혁,PRRS,항원,,16rn7nrR0idmiTklB1FVCNebos6rKZ5O6,20260108_26-026 양산AI센터.pdf
1QiWc00Ccg_항원,2025-12-11,DB2006,대월,직영,고상억,PRRS,항원,,1QiWc00CcgIYEWKvvC-zfaR0CbiY-TOza,"20251211_대월청안, DB2005-2 비교.pdf"
1RmkL3iGkM_항원,2025-12-11,db3022 비교,db3022 비교,-,-,PRRS,항원,,1RmkL3iGkMAz_qVmPyRpR6KD3mt0WLq33,20251211_db3022 비교.pdf
1uws52YGFr_항원,2025-12-10,DB2006,대월,직영,고상억,PRRS,항원,,1uws52YGFrCDHEMLfpzjztWTt6sUL58Et,"20251210_대월청안, DA2007, DB2005 비교.pdf"
25-11975_항체,2025-12-09,DB1001,성진,직영,양승혁,PRRS,항체,,1Xz7IG4cU2kT-ASgLM4-loivSwRJKxJFB,20251209_(혈청) 25-11975 DB2005-2.pdf
25-11916_항체,2025-12-08,DB1001,성진,직영,양승혁,PRRS,항체,,1YsNCKZ8oQPhk57j_IATd2mkaQODFCpgc,20251208_(혈청) 25-11916 대월청안.pdf
25-11433_항원,2025-11-24,DB1001,성진,직영,양승혁,PRRS,항원,,1mGpThak3EQ01iHk0ng3U_y6h_hq1qAQh,20251124_(항원) 25-11433 조치원SP센터.pdf
25-10412_항원,2025-11-10,DB1001,성진,직영,양승혁,PRRS,항원,,1ieHFF-ucZ--ZyHmKXD0JYQvG6MtzX0Uc,20251110_(항원) 25-10412 성진종돈.pdf
25-10288_항원,2025-10-31,DB2009,해림,직영,이희원,PRRS,항원,,1how8S5plaXkN0LW-_6ZTdejWli-gO3D_,20251031_(세균) 25-10288 해림종돈(HACCP).pdf
25-10412_항원,2025-10-31,DB1001,성진,직영,양승혁,PRRS,항원,,1krAbJTnNKn89xEeVE5xoZTmsioipo_BC,20251031_(항원) 25-10412 성진종돈.pdf
25-10412_항원,2025-10-30,DB1001,성진,직영,양승혁,PRRS,항원,,11BHjEkofaMkLACQMf9eKa-FuYud4OlIE,20251030_(항원) 25-10412 성진종돈.pdf
25-10412_항체,2025-10-30,DB1001,성진,직영,양승혁,PRRS,항체,,1WqsLDjWIvISHDexun0hPoPvMWiwCleX1,20251030_(혈청) 25-10412 성진종돈.pdf
25-10151_항체,2025-10-23,DB1001,성진,직영,양승혁,PRRS,항체,,1FjEKoUVuMXGKHCdr5FxKTQYW4AFqbwJ-,20251023_(혈청) 25-10151 다비연구소(25-09383).pdf
25-09945_항원,2025-10-20,(혈구분석)25-09945 다비연구소,(혈구분석)25-09945 다비연구소,-,-,PRRS,항원,,1zYh6XAZqBqfehfc1IRczDTldTzyOiXoO,20251020_(혈구분석)25-09945 다비연구소.pdf
25-09420_항원,2025-09-29,DB1001,성진,직영,양승혁,PRRS,항원,,17FIWh6El0J-raMTjb5vDekEe6FlmUMUC,20250929_(항원) 25-09420 DB2023.pdf
25-09420_항체,2025-09-29,DB1001,성진,직영,양승혁,PRRS,항체,,1ckQGSieoXrYMR4aqzbFmm6l-gZnGsmgC,20250929_(혈청) 25-09420 DB2023.pdf
25-07911_항체,2025-08-20,DB1001,성진,직영,양승혁,PRRS,항체,,1IUW7NBmglJVQe9oHQs9Wlna-GPyfDdh7,20250820_(혈청) 25-07911 DB3001.pdf
25-07790_항원,2025-08-19,DB1001,성진,직영,양승혁,PRRS,항원,,1TZLBuwuNMxrFJDBlZjvVXO7_rRIBiNLA,20250819_(항원) 25-07790 대덕종돈.pdf
10rQS4rrdF_항원,2025-08-07,DB1001,성진,직영,양승혁,PRRS,항원,,10rQS4rrdFkv3jISMudVf5iP7XWXCWM61,20250807_25-862 디앤디종돈.pdf
25-07147_항체,2025-07-30,DB1001,성진,직영,양승혁,PRRS,항체,,13HkHSJRgNVBOnzrkckJ1BA4wCuY-YGHK,20250730_(혈청) 25-07147 해금농장.pdf
1G4G1PoRYi_항원,2025-07-29,DB1001,성진,직영,양승혁,PRRS,항원,,1G4G1PoRYiSQaUJyaMkuVMLKKHbGilthI,20250729_25-834 디앤디종돈.pdf
25-06908_항원,2025-07-23,DB1001,성진,직영,양승혁,PRRS,항원,,1ENhgkNEGMzHvr4MWwD5Oe1-ADW-nE53I,20250723_(항원) 25-06908 유진농장.pdf
1GVVQIirNi_항원,2025-07-17,DB1001,성진,직영,양승혁,PRRS,항원,,1GVVQIirNixHcOyaJ-hQsFwaUyZtwhCX4,20250717_25-801 디앤디종돈.pdf
1EhZ0bmLFn_항원,2025-07-10,DB1001,성진,직영,양승혁,PRRS,항원,,1EhZ0bmLFnARIorBa2LU2LAr6YyFZFN35,20250710_25-764 디앤디종돈.pdf
25-06514_항원,2025-07-09,DB1001,성진,직영,양승혁,PRRS,항원,,1pTfsXBOVTIV_IduHNDvNlLnb8cqbE-ZY,20250709_(항원) 25-06514 DB3002.pdf
25-06514_항체,2025-07-09,DB1001,성진,직영,양승혁,PRRS,항체,,1BzNBBx0BjC_uMbzjqGi0ZLJ22NvqwHVG,20250709_(혈청) 25-06514 DB3002.pdf
25-05831_항원,2025-06-23,DB1001,성진,직영,양승혁,PRRS,항원,,1DwVWzaUvdhaZ7uqhhN5fSAS919OpPa1S,20250623_(항원) 25-05831 DA2007.pdf
1L_igAwPKR_항원,2025-06-19,DB1001,성진,직영,양승혁,PRRS,항원,,1L_igAwPKR9O7Whd1uBulr-rkMxFyr3yW,20250619_25-668 디앤디종돈.pdf
25-05269_항원,2025-06-13,DB3016,남도,협력,장석현,PRRS,항원,,1E2jM_UlR0iAxAZjwcIjuf5LlcQdXJ0nZ,20250613_(세균) 25-05269 DB3016(남도농장).pdf
1qNXBDd2p0_항원,2025-06-12,DB1001,성진,직영,양승혁,PRRS,항원,,1qNXBDd2p0gLSw3Dldqj5cFkWzwBPFuMS,20250612_25-633 디앤디종돈.pdf
25-05316_항원,2025-06-10,DB1001,성진,직영,양승혁,PRRS,항원,,1Xj7bf-JmzeIihxnpSdO4nYsIA77h81-D,20250610_(항원) 25-05316 DB3001.pdf
25-05316_항체,2025-06-10,DB1001,성진,직영,양승혁,PRRS,항체,,1iGzn503QTRu5FNtujY4ilH2U2CfWFGpF,20250610_(혈청) 25-05316 DB3001.pdf
1WuXnTOPy1_항원,2025-06-05,DB1001,성진,직영,양승혁,PRRS,항원,,1WuXnTOPy13gcpqWK3_pov78XcScWMWxo,20250605_25-598 디앤디종돈.pdf
1FNVSn_S12_항원,2025-05-29,DB1001,성진,직영,양승혁,PRRS,항원,,1FNVSn_S12hmMQWaJcI8dCc2KwFXlOyE3,20250529_25-581 디앤디종돈.pdf
1CZrOQyc47_항원,2025-05-22,DB1001,성진,직영,양승혁,PRRS,항원,,1CZrOQyc47hyAUhvd63nHRcdQj6L4jC-B,20250522_25-545 디앤디종돈.pdf
1xZuSzolWL_항원,2025-05-15,DB1001,성진,직영,양승혁,PRRS,항원,,1xZuSzolWLkvk8h4auF_OG9wI3Eaa9jS4,20250515_25-509 디앤디종돈.pdf
1fizZNbJay_항원,2025-05-08,DB1001,성진,직영,양승혁,PRRS,항원,,1fizZNbJay-qPR03pvHMaSH9DbmyBcnj0,20250508_25-485 디앤디종돈.pdf
120o90zRwV_항원,2025-04-28,(주)다비육종 DA2007 비교,(주)다비육종 DA2007 비교,-,-,PRRS,항원,,120o90zRwVpMJ7rNpSQor6Fw9A9b8M39Q,20250428_(주)다비육종 DA2007 비교.pdf
1dwQf4p34L_항원,2025-03-18,수송차량,수송차량,-,-,PRRS,항원,,1dwQf4p34LcpmP5q_BJ4jBe0u_dr2sS_M,20250318_(보안3급) CSA_3_#25-32_수송차량_250318.pdf
1rWDSI_kbx_항원,2025-03-14,DB4003,유기,위탁장,박지형,PRRS,항원,,1rWDSI_kbxdLvQ7z49O3QUD6fW7Zz12j8,20250314_(보안3급) CSA_3_#25-30_DB4003_250314.pdf
1n7iXSPlUv_항원,2025-02-18,DB2015,다원,직영,고상억,PRRS,항원,,1n7iXSPlUvYlXFJoPfSmw-KrftJ0f--W4,20250218_(보안3급) CSA_3_#25-19_DB2015_250218.pdf
1wqot6hFvK_항원,2025-02-07,수송차량,수송차량,-,-,PRRS,항원,,1wqot6hFvKBAeXFFUd1Ki6qJiAF0CP2r5,20250207_(보안3급) CSA_3_#25-16_수송차량_250207.pdf
1HgGj4PxBt_항원,2025-02-04,DB4003,유기,위탁장,박지형,PRRS,항원,,1HgGj4PxBthIQC1C_gZJGtkb35f71Z_nj,20250204_(보안3급) CSA_3_#25-14_DB4003_250204.pdf
1zClt4N_WZ_항원,2025-01-22,DB4003,유기,위탁장,박지형,PRRS,항원,,1zClt4N_WZsPAqfGD1Oo2VFYw1CuZxLrT,20250122_(보안3급) CSA_3_#25-11_DB4003_250122.pdf
25-00349_항원,2025-01-22,DB1002,대덕,직영,박지형,PRRS,항원,,1QVmjuRLupLI4Dq5_ITbTVDcpBCbzxbQg,20250122_(세균)25-00349_대덕종돈.pdf
1HhxXZoYli_항원,2025-01-14,DB4003,유기,위탁장,박지형,PRRS,항원,,1HhxXZoYliLBuLW2f9HRTQF0iDWcLycm3,20250114_(보안3급) CSA_3_#25-06_DB4003_250114.pdf
1eKsdjprCl_항원,2024-11-20,DB1001,성진,직영,양승혁,PRRS,항원,,1eKsdjprCl9v2X7BULZ1-L_4muB4oNhC0,20241120_3016남도 최종 결과 보고서(동물진료법인 네스트 [다비육종 님]).pdf
1Y_lAoxMrD_항체,2024-11-20,DB1001,성진,직영,양승혁,PRRS,항체,,1Y_lAoxMrD9CL5_TE0nBHFUauiP0z2fzP,20241120_3016남도 PRRSV 항체 검사 결과서(동물진료법인 네스트 [다비육종  님]).pdf
1m5itig3nx_항원,2024-11-20,DB1001,성진,직영,양승혁,PRRS,항원,,1m5itig3nxduCMYh8tIARt8iSfi7wvqZ7,20241120_3016남도 PED 항원 검사 결과서(동물진료법인 네스트 [다비육종  님]).pdf
24-1414_항원,2024-11-15,DB1001,성진,직영,양승혁,PRRS,항원,,1K-ceMFcbYxP82Nx6FeZLK9XcWIqXF6yf,20241115_24-1414 PRRSV PCR_동물진료법인 네스트(1001성진).pdf
24-1414_항원,2024-11-15,DB1001,성진,직영,양승혁,PRRS,항원,,18k4-1djljxud0EeboXENU3UdoZjYJiXh,20241115_24-1414 최종 결과서_네스트(1001성진).pdf
24-1411_항원,2024-11-14,DB4001,자영,위탁장,장석현,PRRS,항원,,1nlhZzTiJjvNsb0TCKrjecftFkB8z4xNk,20241114_24-1411_PRRS ELISA_동물진료법인네스트(4001 자영).pdf
24-1411_항원,2024-11-14,DB4001,자영,위탁장,장석현,PRRS,항원,,1nuOBSQzKewPIC1t1kNTP0WK7Oh-Y-2aP,20241114_24-1411 최종 결과서_네스트(4001자영).pdf
24-1405_항원,2024-11-13,DB4002,구산,위탁장,박지형,PRRS,항원,,17fXDAHKWXvRhEO_wQm5CFVog1PpFA8Lu,20241113_24-1405 PRRSV PCR_동물진료법인 네스트(4002구산).pdf
24-1405_항원,2024-11-13,DB4002,구산,위탁장,박지형,PRRS,항원,,14pGTfjGPH83Mx2VISP1b-Mgu_O3DxDEI,20241113_24-1405_PRRS ELISA_동물진료법인네스트(4002 구산).pdf
24-1404_항원,2024-11-13,DB5002,조치원,SP센터,이희원,PRRS,항원,,1oJm5tHQykioAJ5uqOvStaZPxjVcf4kD1,20241113_24-1404 PRRSV PCR_동물진료법인 네스트(5002조치원).pdf
24-1404_항원,2024-11-13,DB5002,조치원,SP센터,이희원,PRRS,항원,,1kmSnbo8nNKEpVmTR0OCh5-V7jI8bfYe7,20241113_24-1404_PRRS ELISA_동물진료법인네스트(5002 조치원).pdf
24-1403_항원,2024-11-13,DB3021,화진,협력,양승혁,PRRS,항원,,1TUj4po9_jw9pa-jYvBQlCalGyIeEoikl,20241113_24-1403 PRRSV PCR_동물진료법인 네스트(3021화진).pdf
24-1403_항원,2024-11-13,DB3021,화진,협력,양승혁,PRRS,항원,,1wW88nX-KEtdq8rQQPu8hewmisVT5lMKS,20241113_24-1403 PED_PCR_동물진료법인네스트(3021화진).pdf
24-1403_항원,2024-11-13,DB3021,화진,협력,양승혁,PRRS,항원,,16BiwPyYzSQWEvRC0yMIq2iOIunarjSdH,20241113_24-1403_PRRS ELISA_동물진료법인네스트(3021 화진).pdf
24-1401_항원,2024-11-12,DB2011,서후,직영,박지형,PRRS,항원,,10RiCS_t1pShB8EGCrquZXJYJxOyS8sD5,20241112_24-1401_PRRS ELISA_동물진료법인네스트(2011 서후).pdf
24-1401_항원,2024-11-12,DB2011,서후,직영,박지형,PRRS,항원,,1Cujui43D93tWbhpz-Yt9SEV2qkwFt_Z9,20241112_24-1401 최종 결과서_네스트(2011서후).pdf
24-1400_항원,2024-11-12,DB1002,대덕,직영,박지형,PRRS,항원,,1cP-bf3c_AIL0xFYdra6kPlznbHKu-NJB,20241112_24-1400_PRRS ELISA_동물진료법인네스트(1002 대덕).pdf
24-1400_항원,2024-11-12,DB1002,대덕,직영,박지형,PRRS,항원,,1s3r_HJySvCGXpoKsoW18hxabLkx4De46,20241112_24-1400 최종 결과서_네스트(1002대덕).pdf
24-1399_항원,2024-11-12,DB2008,여울목,직영,고상억,PRRS,항원,,1uHL6el4ataYVQpbLUyjKUSdeHbmPGcXy,20241112_24-1399 PRRSV PCR_동물진료법인 네스트(2008여울목).pdf
24-1399_항원,2024-11-12,DB2008,여울목,직영,고상억,PRRS,항원,,1xRvm_r0tH-CRZ9K8fsyTpcUmwoHZPxFp,20241112_24-1399_PRRS ELISA_동물진료법인네스트(2008 여울목).pdf
24-1398_항원,2024-11-12,DB3022,한빛피플,협력,장석현,PRRS,항원,,19sWVaqdHnieaGyvm8UPxQI-ubHP5rkhV,20241112_24-1398 PRRSV PCR_동물진료법인 네스트(3022한빛피플).pdf
24-1398_항원,2024-11-12,DB3022,한빛피플,협력,장석현,PRRS,항원,,1eE43n0HU6_h-IFGa8oVPkg8iBuQYx25V,20241112_24-1398_PRRS ELISA_동물진료법인네스트(3022 한빛피플).pdf
24-1397_항원,2024-11-12,DB2015,다원,직영,고상억,PRRS,항원,,19MXCDcklKm5Nm1OlLIqyLuOzMUjEzmDQ,20241112_24-1397 PRRSV PCR_동물진료법인 네스트(2015다원).pdf
24-1397_항원,2024-11-12,DB2015,다원,직영,고상억,PRRS,항원,,1fuzxjJ90TfzhbctHsNWZ4-4DcIFxMz7U,20241112_24-1397 PED_PCR_동물진료법인네스트(2015다원).pdf
24-1397_항원,2024-11-12,DB2015,다원,직영,고상억,PRRS,항원,,1nhmQfB4tNNaZqSmxOeQjUN8D54-sF1Ef,20241112_24-1397_PRRS ELISA_동물진료법인네스트(2015 다원).pdf
24-1396_항원,2024-11-12,DB4014,버들,직영,양승혁,PRRS,항원,,1ITBXp9-_UzULedJRmZu00dNrR-p8s4tP,20241112_24-1396 PRRSV PCR_동물진료법인 네스트(4014버들).pdf
24-1396_항원,2024-11-12,DB4014,버들,직영,양승혁,PRRS,항원,,1mUIMb1ue5pfQ_XPv0smpOko7LBPlB9UW,20241112_24-1396 PED_PCR_동물진료법인네스트(4014버들).pdf
24-1396_항원,2024-11-12,DB4014,버들,직영,양승혁,PRRS,항원,,1QCIQnGp-t9zl3701a9nr3UEn_nGm7Rk6,20241112_24-1396_PRRS ELISA_동물진료법인네스트(4014 버들).pdf
24-1395_항원,2024-11-12,DB3007,효돈,협력,양승혁,PRRS,항원,,1-rZQ5Fo3dnoJ8GkuW91sHcMUixSPILte,20241112_24-1395 PRRSV PCR_동물진료법인 네스트(3007효돈).pdf
24-1395_항원,2024-11-12,DB3007,효돈,협력,양승혁,PRRS,항원,,1XUT8cwJ8p8jslGsdcNBhXVbDXs-XTx2i,20241112_24-1395 PED_PCR_동물진료법인네스트(3007효돈).pdf
24-1395_항원,2024-11-12,DB3007,효돈,협력,양승혁,PRRS,항원,,1DTjAvEnG_4gd5FZf6VvSMS-loutldcdn,20241112_24-1395_PRRS ELISA_동물진료법인네스트(3007 효돈).pdf
24-1394_항원,2024-11-12,DB3016,남도,협력,장석현,PRRS,항원,,1u9vc4_QMQpmULj7X1UEpJC2NOQITEzFp,20241112_24-1394 PRRSV PCR_동물진료법인 네스트(3016남도).pdf
24-1394_항원,2024-11-12,DB3016,남도,협력,장석현,PRRS,항원,,1yXQKkhrJ6v2wm90WwHElNvqSI1I85quy,20241112_24-1394 PED_PCR_동물진료법인네스트(3016남도).pdf
24-1394_항원,2024-11-12,DB3016,남도,협력,장석현,PRRS,항원,,1OJtFkjU56XtIEosq3w9VTw0GUWiOrjwi,20241112_24-1394_PRRS ELISA_동물진료법인네스트(3016 남도).pdf
24-1393_항원,2024-11-12,DB3014,운도,협력,양승혁,PRRS,항원,,1u98sQ9mRBa8tQJswFlVM48CG-T7i0IvI,20241112_24-1393 PED_PCR_동물진료법인네스트(3014운도).pdf
24-1393_항원,2024-11-12,DB3014,운도,협력,양승혁,PRRS,항원,,1DiPBZBED052GLi1uyPogk59V0XIO2r0s,20241112_24-1393_PRRS ELISA_동물진료법인네스트(3014 운도).pdf
24-1393_항원,2024-11-12,DB3014,운도,협력,양승혁,PRRS,항원,,1hwfE8YZuvOfGxYRXakegT1RnL0KPPzLg,20241112_24-1393 최종 결과서_네스트(3014운도).pdf
24-1392_항원,2024-11-12,DB3017,성산,협력,이희원,PRRS,항원,,1jliI5ERkS4u85321jwDcOX9-8sDIwe5Y,20241112_24-1392 PED_PCR_동물진료법인네스트(3017성산).pdf
24-1392_항원,2024-11-12,DB3017,성산,협력,이희원,PRRS,항원,,1nujVgP3C5Z6W0XcI8FxypiMau4cFQuwJ,20241112_24-1392_PRRS ELISA_동물진료법인네스트(3017 성산).pdf
24-1392_항원,2024-11-12,DB3017,성산,협력,이희원,PRRS,항원,,1oYFGeXBYhXTKkvbO6AAACb9qo8lf1FdY,20241112_24-1392 최종 결과서_네스트(3017성산).pdf
24-1375_항원,2024-11-12,DB2006,대월,직영,고상억,PRRS,항원,,1H1B17cGG7VCT3y6dF1K7wtNNj0IyJtzb,20241112_24-1375 세균배양_동물진료법인네스트(2006대월).pdf
24-1375_항원,2024-11-12,DB2006,대월,직영,고상억,PRRS,항원,,1LhlbBd-iwlEqQIl2wNSaO7zV62I0iyXW,20241112_24-1375 E.coli toxin pcr_동물진료법인네스트(2006대월).pdf
24-1375_항원,2024-11-12,DB2006,대월,직영,고상억,PRRS,항원,,1nIlM5aGMb2KslT8kxiWc2QrsA6kB6c-x,20241112_24-1375 최종 결과서_네스트(2006대월).pdf
24-1375_항원,2024-11-08,DB2006,대월,직영,고상억,PRRS,항원,,1PBWr8r0y_p4lC3xOlkEWJizzftkOdzBh,20241108_24-1375 자돈소화기_PCR_동물진료법인네스트(2006대월).pdf
24-1383_항원,2024-11-08,DB1001,성진,직영,양승혁,PRRS,항원,,1NeOUXsUxjAhTVK4SsY6i1IvON5IhR3jX,20241108_24-1383 PRRSV PCR_동물진료법인 네스트(1001성진).pdf
24-1383_항원,2024-11-08,DB1001,성진,직영,양승혁,PRRS,항원,,1HIAtGIXn_Dezp5xqw1EYpA6dc1NlgVUc,20241108_24-1383_PRRS ELISA_동물진료법인네스트(1001 성진).pdf
24-1382_항원,2024-11-08,DB4003,유기,위탁장,박지형,PRRS,항원,,1y3oeFDspBvDibZmBeCvgiFyp7F8ZoZxb,20241108_24-1382 PRRSV PCR_동물진료법인 네스트(4003 유기).pdf
24-1382_항원,2024-11-08,DB4003,유기,위탁장,박지형,PRRS,항원,,19sGOBK4l6fujyI2RfpsJd7vpMRI2TZJC,20241108_24-1382 PED_PCR_동물진료법인네스트(4003유기).pdf
24-1382_항원,2024-11-08,DB4003,유기,위탁장,박지형,PRRS,항원,,1-W-krjoBkgwpIprq_TawatuxyuORWh0L,20241108_24-1382_PRRS ELISA_동물진료법인네스트(4003 유기).pdf
24-1381_항원,2024-11-08,DB2010,문강,직영,박지형,PRRS,항원,,1yWbbWiADO_SqPBLdZKMSNj3YZ7LQIx-G,20241108_24-1381_PRRS ELISA_동물진료법인네스트(2010 문강).pdf
24-1381_항원,2024-11-08,DB2010,문강,직영,박지형,PRRS,항원,,1VsnElhBGDDrf00-B-s0K04G6iwCxNC7o,20241108_24-1381 최종 결과서_네스트(2010문강).pdf
24-1375_항원,2024-11-07,DB2006,대월,직영,고상억,PRRS,항원,,1ji3tn3AFkKguqzU4HL6LrvKqJLTdujXj,20241107_24-1375 PRRSV PCR_동물진료법인 네스트(2006대월).pdf
24-1375_항원,2024-11-07,DB2006,대월,직영,고상억,PRRS,항원,,176CTVwXLq71bcns0Szk--WRH2hdWBt9M,20241107_24-1375_PRRS ELISA_동물진료법인네스트(2006 대월).pdf
24-1374_항원,2024-11-07,DB4014,버들,직영,양승혁,PRRS,항원,,1l3-6DLoBFmYuh1Add3SrAakDAjIXjR1t,20241107_24-1374 PRRSV PCR_동물진료법인 네스트(4014버들).pdf
24-1374_항원,2024-11-07,DB4014,버들,직영,양승혁,PRRS,항원,,1NpEEqkGzrt2ZkPMD_OnFmxuRDc3nBF25,20241107_24-1374 PED_PCR_동물진료법인네스트(4014버들).pdf
24-1374_항원,2024-11-07,DB4014,버들,직영,양승혁,PRRS,항원,,1dwQPhQD7iKkftmZbgLdYgzV3TnZyJ00j,20241107_24-1374_PRRS ELISA_동물진료법인네스트(4014 버들).pdf
24-1373_항원,2024-11-07,DB3001,조산,협력,박지형,PRRS,항원,,1tri3yDl3C2d9WmE-O6ruMppTz5jT4BFN,20241107_24-1373 PED_PCR_동물진료법인네스트(3001조산).pdf
24-1373_항원,2024-11-07,DB3001,조산,협력,박지형,PRRS,항원,,1aijDme2Ax9GToocMjTA3z34J3I_tNe_a,20241107_24-1373_PRRS ELISA_동물진료법인네스트(3001 조산).pdf
24-1373_항원,2024-11-07,DB3001,조산,협력,박지형,PRRS,항원,,1G6-BdcCp9xFb_ZsG8kcZB1SloNp8EGJ1,20241107_24-1373 최종 결과서_네스트(3001조산).pdf
24-1368_항원,2024-11-06,DB3021,화진,협력,양승혁,PRRS,항원,,1_zh8saowEOcOtJHlmJxUrFJuXV5zIYWE,20241106_24-1368 최종 결과서_네스트(3021화진).pdf
24-1367_항원,2024-11-06,DB2009,해림,직영,이희원,PRRS,항원,,11Dl4eZA8R3kgjkyDTvn9PlJkVEUgADqk,20241106_24-1367 PED_PCR_동물진료법인네스트(2009해림).pdf
24-1364_항원,2024-11-05,DB2011,서후,직영,박지형,PRRS,항원,,1kaoH1VpyDCUODiBczAytp8F_cB5Dlxtl,20241105_24-1364 PRRSV PCR_동물진료법인 네스트(2011서후).pdf
24-1364_항원,2024-11-05,DB2011,서후,직영,박지형,PRRS,항원,,1byUsLOOPgqX6SarPPVqa4xrvIwqniip3,20241105_24-1364_PRRS ELISA_동물진료법인네스트(2001 서후).pdf
24-1363_항원,2024-11-05,DB2015,다원,직영,고상억,PRRS,항원,,1dVFy-6no0FyMkK54rbB62eyMXyRFaX1c,20241105_24-1363 PED_PCR_동물진료법인네스트(2015다원).pdf
24-1363_항원,2024-11-05,DB2015,다원,직영,고상억,PRRS,항원,,1TgCaZ0ChABjFKBVtdyUHfSaXsWDOnKMy,20241105_24-1363_PRRS ELISA_동물진료법인네스트(2015 다원).pdf
24-1363_항원,2024-11-05,DB2015,다원,직영,고상억,PRRS,항원,,15vYZ5qzqLhXCQ0uGxahCWNO3PPCQIXnN,20241105_24-1363 최종 결과서_네스트(2015다원).pdf
24-1362_항원,2024-11-05,DB5001,중원,SP센터,장석현,PRRS,항원,,1WgdSJALwPwgI1Ywwlqg5L5XUyODSlp0F,20241105_24-1362 PRRSV nPCR_동물진료법인 네스트(5001중원).pdf
24-1362_항원,2024-11-05,DB5001,중원,SP센터,장석현,PRRS,항원,,1mbfvb_vTVB4jyjZDh_RTjXd-9Nyt6OQ_,20241105_24-1362_PRRS ELISA_동물진료법인네스트(5001 중원).pdf
24-1362_항원,2024-11-05,DB5001,중원,SP센터,장석현,PRRS,항원,,1W4rGy3t-d6OuKWF8gXtFjSgT7rbLn9PX,20241105_24-1362 최종 결과서_네스트(5001중원).pdf
24-1361_항원,2024-11-05,DB3007,효돈,협력,양승혁,PRRS,항원,,18nyD5jPm3y7UbL3nFRBBOVO2vjrEDj5H,20241105_24-1361 PED_PCR_동물진료법인네스트(3007효돈).pdf
24-1361_항원,2024-11-05,DB3007,효돈,협력,양승혁,PRRS,항원,,1KSF9r3fU62U51B-PS-MldMk32siim-uY,20241105_24-1361_PRRS ELISA_동물진료법인네스트(3007 효돈).pdf
24-1361_항원,2024-11-05,DB3007,효돈,협력,양승혁,PRRS,항원,,1d7FeHeFTLMaaVtSnlbuqFZFZR1HFd7eB,20241105_24-1361 최종 결과서_네스트(3007효돈).pdf
24-1360_항원,2024-11-05,DB3016,남도,협력,장석현,PRRS,항원,,12agMy6M1t8XK_v4EYEbfbzCOwuaQkFAP,20241105_24-1360 PED_PCR_동물진료법인네스트(3016남도).pdf
24-1360_항원,2024-11-05,DB3016,남도,협력,장석현,PRRS,항원,,17QhiR6ACY2YcbGn0IsBnNsISoUbQtwUL,20241105_24-1360_PRRS ELISA_동물진료법인네스트(3016 남도).pdf
24-1360_항원,2024-11-05,DB3016,남도,협력,장석현,PRRS,항원,,1r0SVRVZ4m1lU8dxfN7HjDNtsNPnMBsUs,20241105_24-1360 최종 결과서_네스트(3016남도).pdf
24-1359_항원,2024-11-05,DB3014,운도,협력,양승혁,PRRS,항원,,1PuJseP_PNpkpaTeDcO8cBlkpVELyQa51,20241105_24-1359 PED_PCR_동물진료법인네스트(3014운도).pdf
24-1359_항원,2024-11-05,DB3014,운도,협력,양승혁,PRRS,항원,,1-SqrGGR0oFgmMS4xK0HNsOe09IaF--xh,20241105_24-1359_PRRS ELISA_동물진료법인네스트(3014 운도).pdf
24-1359_항원,2024-11-05,DB3014,운도,협력,양승혁,PRRS,항원,,1l2bFyjObJWC5pc4AqCH89px9hPHXJrLl,20241105_24-1359 최종 결과서_네스트(3014운도).pdf
24-1358_항원,2024-11-05,DB3017,성산,협력,이희원,PRRS,항원,,13zwAeY6G1q6lbjotKWnQp0OgUx16DY5B,20241105_24-1358 PED_PCR_동물진료법인네스트(3017성산).pdf
24-1358_항원,2024-11-05,DB3017,성산,협력,이희원,PRRS,항원,,1ZjvDJkkjlNLgoBOaoPPicTxePN46Crgx,20241105_24-1358_PRRS ELISA_동물진료법인네스트(3017 성산).pdf
24-1358_항원,2024-11-05,DB3017,성산,협력,이희원,PRRS,항원,,1EPZ_y_96bjWIHIKg1cw3-rjY41G0zw_r,20241105_24-1358 최종 결과서_네스트(3017성산).pdf
24-1348_항원,2024-11-01,DB1001,성진,직영,양승혁,PRRS,항원,,1_G4j9Fjiwekgr0M0SzoBYEiV-X9kXysp,20241101_24-1348 PRRSV PCR_동물진료법인 네스트(1001성진).pdf
24-1348_항원,2024-11-01,DB1001,성진,직영,양승혁,PRRS,항원,,1Q7y3u7bCzYgjKq2-YCRS2rWtWrWv0dSz,20241101_24-1348_PRRS ELISA_동물진료법인네스트(1001 성진).pdf
24-1339_항원,2024-10-30,DB3021,화진,협력,양승혁,PRRS,항원,,191GWLRh0lIgPCir_4WgkIMYwSVkIORR7,20241030_24-1339 PED_PCR_동물진료법인네스트(3021화진).pdf
24-1338_항원,2024-10-30,DB2010,문강,직영,박지형,PRRS,항원,,1JSlt3R96Jd5vzsBg9-lRXgXC8QlQAHrB,20241030_24-1338 PRRSV PCR_동물진료법인 네스트(2010문강).pdf
24-1338_항원,2024-10-30,DB2010,문강,직영,박지형,PRRS,항원,,1wl7KRQ9AkXaQ2pDC5rgvbLdAiS8CQlNU,20241030_24-1338_PRRS ELISA_동물진료법인네스트(2010 문강).pdf
24-1331_항원,2024-10-29,DB3017,성산,협력,이희원,PRRS,항원,,1sCcGeBCg9y_Xhoxw1cl1oru9eNbq-fhQ,20241029_24-1331 PRRSV PCR_동물진료법인 네스트(3017성산).pdf
24-1331_항원,2024-10-29,DB3017,성산,협력,이희원,PRRS,항원,,1GfqMaEhssjOdeaCGYOKfJyh6qBAMjx39,20241029_24-1331 PED_PCR_동물진료법인네스트(3017성산).pdf
24-1331_항원,2024-10-29,DB3017,성산,협력,이희원,PRRS,항원,,1sayilvy7qs-drUo-yVfistVchObg62Ax,20241029_24-1331_PRRS ELISA_동물진료법인네스트(317 성산).pdf
24-1336_항원,2024-10-29,DB3016,남도,협력,장석현,PRRS,항원,,1QQPbXjADyT89P_wzccCAOzVfej2O3VkT,20241029_24-1336 PRRSV PCR_동물진료법인 네스트(3016남도).pdf
24-1336_항원,2024-10-29,DB3016,남도,협력,장석현,PRRS,항원,,1APAhCAL74zd82ZlVRVj_1XFqzi-9BKuh,20241029_24-1336 PED_PCR_동물진료법인네스트(3016남도).pdf
24-1336_항원,2024-10-29,DB3016,남도,협력,장석현,PRRS,항원,,1kUf5_tT3qb84OfFh5Yd3ss4_hRJ4Vu5N,20241029_24-1336_PRRS ELISA_동물진료법인네스트(3016 남도).pdf
24-1335_항원,2024-10-29,DB3002,삼경,협력,장석현,PRRS,항원,,1aDCFuZvCfxKtGqNUi6s3IY5rEsjhV98Z,20241029_24-1335 PRRSV PCR_동물진료법인 네스트(3002삼경).pdf
24-1335_항원,2024-10-29,DB3002,삼경,협력,장석현,PRRS,항원,,15UBr2FjLchsgkgzxSIInBXvsCtCiYPlj,20241029_24-1335 PED_PCR_동물진료법인네스트(3002삼경).pdf
24-1335_항원,2024-10-29,DB3002,삼경,협력,장석현,PRRS,항원,,1eDkEbER94H9CeGYeZ7JBps4OUtZAZK_O,20241029_24-1335_PRRS ELISA_동물진료법인네스트(3002 삼경).pdf
24-1334_항원,2024-10-29,DB2008,여울목,직영,고상억,PRRS,항원,,1S6OCAUhSIxCyxJrvC4QH2mirnB05dvjw,20241029_24-1334 PRRSV PCR_동물진료법인 네스트(2008여울목).pdf
24-1334_항원,2024-10-29,DB2008,여울목,직영,고상억,PRRS,항원,,1HaB0ysveaqQwAznHA1pQYb30kjEdsq5k,20241029_24-1334_PRRS ELISA_동물진료법인네스트(2008 여울목).pdf
24-1333_항원,2024-10-29,DB5002,조치원,SP센터,이희원,PRRS,항원,,1i96PDa7LbgJcIZVlpL4bn8Wem-lXkmuZ,20241029_24-1333_PRRS ELISA_동물진료법인네스트(5002 조치원).pdf
24-1333_항원,2024-10-29,DB5002,조치원,SP센터,이희원,PRRS,항원,,1YfRY1cg_Ucny_yKhx53rNY9eEKdh3SCa,20241029_24-1333 최종 결과서_네스트(5002조치원).pdf
24-1332_항원,2024-10-29,DB2015,다원,직영,고상억,PRRS,항원,,1VjquSiONkIEREG-FFrscRN5XdmE41wPb,20241029_24-1332 PED_PCR_동물진료법인네스트(2015다원).pdf
24-1332_항원,2024-10-29,DB2015,다원,직영,고상억,PRRS,항원,,1dC7sIajAJV_Hl1OSmAEhwZ9mwOT_cVGq,20241029_24-1332_PRRS ELISA_동물진료법인네스트(2015 다원).pdf
24-1332_항원,2024-10-29,DB2015,다원,직영,고상억,PRRS,항원,,1bY8L1HyzcfJTi6dOUwvfY7X7pPHYriF8,20241029_24-1332 최종 결과서_네스트(2015다원).pdf
24-1330_항원,2024-10-29,DB3014,운도,협력,양승혁,PRRS,항원,,1YredadKOY79VUztUnlG1MV2M3M6ndR7H,20241029_24-1330 PED_PCR_동물진료법인네스트(3014운도).pdf
24-1330_항원,2024-10-29,DB3014,운도,협력,양승혁,PRRS,항원,,1dN5CahAu3iT8-klYxow7kSyQETFdKBEt,20241029_24-1330_PRRS ELISA_동물진료법인네스트(3014 운도).pdf
24-1330_항원,2024-10-29,DB3014,운도,협력,양승혁,PRRS,항원,,1U-AeI0lc2v93h-KnkUzArTufgaV3GGl6,20241029_24-1330 최종 결과서_네스트(3014운도).pdf
24-1329_항원,2024-10-29,DB3007,효돈,협력,양승혁,PRRS,항원,,1_gzVi3JEPuXA4dxEgWOkPXMXDdHmUacL,20241029_24-1329 PRRSV PCR_동물진료법인 네스트(3007효돈).pdf
24-1329_항원,2024-10-29,DB3007,효돈,협력,양승혁,PRRS,항원,,1RnAecjHjrOkHv_Zg1Xm980xI4gt47t7c,20241029_24-1329 PED_PCR_동물진료법인네스트(3007효돈).pdf
24-1329_항원,2024-10-29,DB3007,효돈,협력,양승혁,PRRS,항원,,1qGGyBw7SD3NAswCgy6V2FT_eOgGQgkX2,20241029_24-1329_PRRS ELISA_동물진료법인네스트(3007 효돈).pdf
24-1328_항원,2024-10-29,DB4014,버들,직영,양승혁,PRRS,항원,,1YSkQSypC-vowmIZxiphm4CkM61GoMOz3,20241029_24-1328 PED_PCR_동물진료법인네스트(4014버들).pdf
24-1328_항원,2024-10-29,DB4014,버들,직영,양승혁,PRRS,항원,,1YXTV5jameXd3M8widGE9nHFqKwuybANa,20241029_24-1328_PRRS ELISA_동물진료법인네스트(4014 버들).pdf
24-1328_항원,2024-10-29,DB4014,버들,직영,양승혁,PRRS,항원,,11jSKhEwHvuSCluT6nUhXeIk7SbNbLwUJ,20241029_24-1328 최종 결과서_네스트(4014버들).pdf
24-1320_항원,2024-10-25,DB1001,성진,직영,양승혁,PRRS,항원,,1mBqdkH2is55PsJfh6sp_pKI8fI_AaS4f,20241025_24-1320_PRRS ELISA_동물진료법인네스트(1001 성진).pdf
24-1320_항원,2024-10-25,DB1001,성진,직영,양승혁,PRRS,항원,,1n_Aalxvv-02O-ufA0u01HjgZ8OYEVkwi,20241025_24-1320 최종 결과서_네스트(1001성진).pdf
24-1315_항원,2024-10-24,DB2006,대월,직영,고상억,PRRS,항원,,1lKBsQfljYhB9aXbtzNle3XTzYS-AiOk8,20241024_24-1315 최종 결과서_네스트(2006대월).pdf
24-1315_항원,2024-10-24,DB2006,대월,직영,고상억,PRRS,항원,,1vGneandjnVmFj8VscTsR1JcHBe-28SHi,20241024_24-1315 PRRSV PCR_동물진료법인 네스트(2006대월).pdf
24-1301_항원,2024-10-24,DB3002,삼경,협력,장석현,PRRS,항원,,1_EQCI490ySccS1t_VVq9d4Zq98HpgK3q,20241024_24-1301_호흡기APP ELISA_동물진료법인네스트(3002 삼경).pdf
24-1301_항원,2024-10-24,DB3002,삼경,협력,장석현,PRRS,항원,,1xR7Mn_a0VmG-eD5XhuLqlSSpbnzHj9HV,20241024_24-1301_마이코플라즈마 ELISA_동물진료법인네스트(3002 삼경).pdf
24-1307_항원,2024-10-23,DB2009,해림,직영,이희원,PRRS,항원,,1R87WnW-vrY5vdjgyImpTg4nUbZXgOZjW,20241023_24-1307 PED_PCR_동물진료법인네스트(2009해림).pdf
24-1301_항원,2024-10-23,DB3002,삼경,협력,장석현,PRRS,항원,,1J8yEWGU-yMsY5Y8HmPgzVJ1-5LiIx4J7,20241023_24-1301 PCV2 type_동물진료법인 네스트(3002삼경).pdf
24-1301_항원,2024-10-23,DB3002,삼경,협력,장석현,PRRS,항원,,18BJcJBAG1VGBSH-hJ1rqLsDsoQ2rJfwC,20241023_24-1301 PCV2 PCR_동물진료법인 네스트(3002삼경).pdf
24-1301_항원,2024-10-23,DB3002,삼경,협력,장석현,PRRS,항원,,1R4883iFnpqFb1mpvvQ7HBi5miHIMXFIu,20241023_24-1301_PCV2 ELISA_동물진료법인네스트(3002 삼경).pdf
24-1303_항원,2024-10-22,DB2011,서후,직영,박지형,PRRS,항원,,1yXzk9O1mYBxE4Qb3s2nIEZKZO7fWAjcV,20241022_24-1303 PRRSV PCR_동물진료법인 네스트(2011서후).pdf
24-1303_항원,2024-10-22,DB2011,서후,직영,박지형,PRRS,항원,,1VkSlz4prUlTQSOBa9YhAcvx1pUts_J42,20241022_24-1303_PRRS ELISA_동물진료법인네스트(2011 서후).pdf
24-1302_항원,2024-10-22,DB5001,중원,SP센터,장석현,PRRS,항원,,1ztDEKTLhqDeqrw1K9fjVD-wJlPcNv4Ao,20241022_24-1302 PRRSV PCR_동물진료법인 네스트(5001중원).pdf
24-1302_항원,2024-10-22,DB5001,중원,SP센터,장석현,PRRS,항원,,1P0w21YmDyyVzMgxr2oIJnEhVcpue0O9d,20241022_24-1302 PRRSV nPCR_동물진료법인 네스트(5001중원).pdf
24-1302_항원,2024-10-22,DB5001,중원,SP센터,장석현,PRRS,항원,,1duXbc5YyGxYmdcVDvm1OC4gSOFnIOxne,20241022_24-1302_PRRS ELISA_동물진료법인네스트(5001 중원).pdf
24-1300_항원,2024-10-22,DB3002,삼경,협력,장석현,PRRS,항원,,1oKDztJNBu-bZzv2FttotclKWdken34fd,20241022_24-1300 PRRSV PCR_동물진료법인 네스트(3002삼경).pdf
24-1300_항원,2024-10-22,DB3002,삼경,협력,장석현,PRRS,항원,,1bCZEGVqVCmogueIMKY1mhglFUBsYtX2Y,20241022_24-1300 PED_PCR_동물진료법인네스트(3002삼경).pdf
24-1300_항원,2024-10-22,DB3002,삼경,협력,장석현,PRRS,항원,,1_umyskRheVFeupjR84Hmytu2Jjh9os5Y,20241022_24-1300_PRRS ELISA_동물진료법인네스트(3002 삼경).pdf
24-1299_항원,2024-10-22,DB3016,남도,협력,장석현,PRRS,항원,,1302PF4BGWElvtJL3BrFANoCr8ugTNHFL,20241022_24-1299 PRRSV PCR_동물진료법인 네스트(3016남도).pdf
24-1299_항원,2024-10-22,DB3016,남도,협력,장석현,PRRS,항원,,188pOsJDefoJh1Qbm_YSJEiyg1xqvmoCA,20241022_24-1299 PED_PCR_동물진료법인네스트(3016남도).pdf
24-1299_항원,2024-10-22,DB3016,남도,협력,장석현,PRRS,항원,,1ujekXU9JzGJSg2YD8cojqvBBlLCnLLs3,20241022_24-1299_PRRS ELISA_동물진료법인네스트(3016 남도).pdf
24-1298_항원,2024-10-22,DB2015,다원,직영,고상억,PRRS,항원,,12nyfgXJ1ao23iSXlnmy5xUId_ztg6YCR,20241022_24-1298 PRRSV PCR_동물진료법인 네스트(2015다원).pdf
24-1298_항원,2024-10-22,DB2015,다원,직영,고상억,PRRS,항원,,1BAP-lcMbBGGMI5d5pL9n2thUjkPJwSBM,20241022_24-1298 PED_PCR_동물진료법인네스트(2015다원).pdf
24-1298_항원,2024-10-22,DB2015,다원,직영,고상억,PRRS,항원,,1Fs0x5_jMk0Sh7svS0JzVYsJwHlg_5Tn3,20241022_24-1298_PRRS ELISA_동물진료법인네스트(2015 다원).pdf
24-1297_항원,2024-10-22,DB3007,효돈,협력,양승혁,PRRS,항원,,16Cj04fsVYPAr0XoOw5JrTQDclLZUKjZ2,20241022_24-1297 PRRSV PCR_동물진료법인 네스트(3007효돈).pdf
24-1297_항원,2024-10-22,DB3007,효돈,협력,양승혁,PRRS,항원,,1OKXpzRNcReqsepxXzBKLAe_WjwJkZET8,20241022_24-1297 PED_PCR_동물진료법인네스트(3007효돈).pdf
24-1297_항원,2024-10-22,DB3007,효돈,협력,양승혁,PRRS,항원,,1QMlyzpLwUbPTgAAHFC_W0KkeEqegaNiQ,20241022_24-1297_PRRS ELISA_동물진료법인네스트(3007 효돈).pdf
24-1296_항원,2024-10-22,DB3014,운도,협력,양승혁,PRRS,항원,,1ulWDscW43Jm0Jjhym1rKNOcYcfgaMGg4,20241022_24-1296 PRRSV PCR_동물진료법인 네스트(3014운도).pdf
24-1296_항원,2024-10-22,DB3014,운도,협력,양승혁,PRRS,항원,,1uDHXjFxFkzDWJ7tB7Jbllu4lcAY4CxW-,20241022_24-1296 PED_PCR_동물진료법인네스트(3014운도).pdf
24-1296_항원,2024-10-22,DB3014,운도,협력,양승혁,PRRS,항원,,1yDE4yWKEc3PPTb-EJILMnMh84SAZkuGC,20241022_24-1296_PRRS ELISA_동물진료법인네스트(3014 운도).pdf
24-1295_항원,2024-10-22,DB3017,성산,협력,이희원,PRRS,항원,,1CX2gKTc9twHsaFIK9bo72m_3XYOyC2-c,20241022_24-1295 PRRSV PCR_동물진료법인 네스트(3017성산).pdf
24-1295_항원,2024-10-22,DB3017,성산,협력,이희원,PRRS,항원,,1V1MsEIRlVHXCaqwgsYDUhpW_jzH1qJ7e,20241022_24-1295 PED_PCR_동물진료법인네스트(3017성산).pdf
24-1295_항원,2024-10-22,DB3017,성산,협력,이희원,PRRS,항원,,1qgJ78xCMSxn7rejB_5cXd_wBe0AgOnft,20241022_24-1295_PRRS ELISA_동물진료법인네스트(3017 성산).pdf
24-1294_항원,2024-10-22,DB4014,버들,직영,양승혁,PRRS,항원,,1lYytZgOKjPe8LCHq48zjbsgV610HQwTL,20241022_24-1294 PRRSV PCR_동물진료법인 네스트(4014버들).pdf
24-1294_항원,2024-10-22,DB4014,버들,직영,양승혁,PRRS,항원,,1w-atFtpluSsR5iPsc9q1w4Jls1kPuQc0,20241022_24-1294 PED_PCR_동물진료법인네스트(4014버들).pdf
24-1294_항원,2024-10-22,DB4014,버들,직영,양승혁,PRRS,항원,,1BNbxPgDQf6j7JVTi67gL33pveJAP43VL,20241022_24-1294_PRRS ELISA_동물진료법인네스트(4014 버들).pdf
24-1285_항원,2024-10-21,DB2010,문강,직영,박지형,PRRS,항원,,1kN86XmMEuVTaYZ5liNNrGkZ_x1dtUm_Z,20241021_24-1285_호흡기APP ELISA_동물진료법인네스트(2010 문강).pdf
24-1285_항원,2024-10-21,DB2010,문강,직영,박지형,PRRS,항원,,1KtMFu3F4HsUD7REPNDnsnuhIQBZ-k6wy,20241021_24-1285_마이코플라즈마 ELISA_동물진료법인네스트(2010 문강).pdf
24-1288_항원,2024-10-18,DB1001,성진,직영,양승혁,PRRS,항원,,1-8gGvuBsu2o18jwUeC2FrylR6dmJwdFh,20241018_24-1288_PRRS ELISA_동물진료법인네스트(1001 성진).pdf
24-1288_항원,2024-10-18,DB1001,성진,직영,양승혁,PRRS,항원,,1mTdVcR9i0pjAJXbHCtnHF2lYAo-8Ubc1,20241018_24-1288 최종 결과서_네스트(1001성진).pdf
24-1285_항원,2024-10-17,DB2010,문강,직영,박지형,PRRS,항원,,16AA5_Tr4A3yIimDqvFGE6a9wOgOhwBr0,20241017_24-1285 PRRSV PCR_동물진료법인 네스트(2010문강).pdf
24-1285_항원,2024-10-17,DB2010,문강,직영,박지형,PRRS,항원,,1oh5X5zeHKXrmQhS2rePsH8znQy4awqck,20241017_24-1285_PRRS ELISA_동물진료법인네스트(2010 문강).pdf
24-1281_항원,2024-10-17,DB5002,조치원,SP센터,이희원,PRRS,항원,,1n9_jlWhentGpXd79P8hp7F4ZI9TJxfMV,20241017_24-1281_브루셀라 ELISA_동물진료법인네스트(5002 조치원).pdf
24-08854_항체,2024-10-16,DB1001,성진,직영,양승혁,PRRS,항체,,1gVWksE1aSMrbZkuhhY8ZmjCiEPXf0Qv-,20241016_(혈청) 24-08854 대덕종돈.pdf
24-1279_항원,2024-10-16,DB2015,다원,직영,고상억,PRRS,항원,,15T8WsuWd6N--b_JSGh6C4M9dA019sAlG,20241016_24-1279_PRRS ELISA_동물진료법인네스트(20215 다원).pdf
24-1279_항원,2024-10-16,DB2015,다원,직영,고상억,PRRS,항원,,1v7SGjd7-d7Xc5LS9ZblKuWnHb3fCgpTF,20241016_24-1279 최종 결과서_네스트(2015다원).pdf
24-1279_항원,2024-10-16,DB2015,다원,직영,고상억,PRRS,항원,,1iT2ffWg0Zs1fvF6HgmiZU6rhxVlShi6l,20241016_24-1279 PRRSV PCR_동물진료법인 네스트(2015다원).pdf
24-1278_항원,2024-10-16,DB1001,성진,직영,양승혁,PRRS,항원,,1j4hxnuLkj7qZzGcvTzb9C9bn9h6GAAPf,20241016_24-1278_PRRS ELISA_동물진료법인네스트(1001 성진).pdf
24-1278_항원,2024-10-16,DB1001,성진,직영,양승혁,PRRS,항원,,1QopMF27jwNXrCdecgYE7YI0_HwjUeJh5,20241016_24-1278 최종 결과서_네스트(1001성진).pdf
24-1277_항원,2024-10-16,DB2006,대월,직영,고상억,PRRS,항원,,1iPvkz-AkJL9_hbf1eSWQ-rKbW9zkIl_c,20241016_24-1277_PRRS ELISA_동물진료법인네스트(2006 대월).pdf
24-1277_항원,2024-10-16,DB2006,대월,직영,고상억,PRRS,항원,,1vMDaNfFBAvtePk4XFozebIoj2vDJ_j_G,20241016_24-1277 최종 결과서_네스트(2006대월).pdf
24-1276_항원,2024-10-16,DB3002,삼경,협력,장석현,PRRS,항원,,18YF-MlGmKgmHaTtTb01KrKPQVDW-0BMk,20241016_24-1276 PRRSV PCR_동물진료법인 네스트(3002삼경).pdf
24-1276_항원,2024-10-16,DB3002,삼경,협력,장석현,PRRS,항원,,1TD0osWlqHlwkqT0VW_QEvRwqwAamEAaB,20241016_24-1276 PED_PCR_동물진료법인네스트(3002삼경).pdf
24-1276_항원,2024-10-16,DB3002,삼경,협력,장석현,PRRS,항원,,1bmnuOKO9WyiW8C1jsIFv0STiOyf-Uy0G,20241016_24-1276_PRRS ELISA_동물진료법인네스트(3002 삼경).pdf
24-1270_항원,2024-10-11,종돈차량),종돈차량),-,-,PRRS,항원,,1Em1DBmMviMwqr_VeY-oLSnmVBFjGy0Jn,20241011_24-1270 PED_PCR_동물진료법인네스트(다비육종_종돈차량).pdf
24-1270_항원,2024-10-11,종돈차량),종돈차량),-,-,PRRS,항원,,1Ulo9e4PrktQcDUlnWfjghTBX1MhniIyj,20241011_24-1270 최종 결과서_네스트((주)다비육종_종돈차량).pdf
24-1269_항원,2024-10-11,종돈차량),종돈차량),-,-,PRRS,항원,,1uadDHF9iWPiHtZeEPQKZaDlSR9_o8wp5,20241011_24-1269 PED_PCR_동물진료법인네스트(다비육종_종돈차량).pdf
24-1269_항원,2024-10-11,종돈차량),종돈차량),-,-,PRRS,항원,,101dn5pP0Wuwv8Av4PPDSpj3dwO9qCSx9,20241011_24-1269 최종 결과서_네스트((주)다비육종_종돈차량).pdf
24-1267_항원,2024-10-11,DB1001,성진,직영,양승혁,PRRS,항원,,1dOBzn-yZgj_jYQo7YISXn4J4tbkRsT7E,20241011_24-1267 PRRSV PCR_동물진료법인 네스트(1001성진).pdf
24-1267_항원,2024-10-11,DB1001,성진,직영,양승혁,PRRS,항원,,1wRgnbbSfPC_OMbivNga4lVXpW1oCqLs8,20241011_24-1267_PRRS ELISA_동물진료법인네스트(1001 성진).pdf
24-1259_항원,2024-10-10,DB3025,인솔,협력,박지형,PRRS,항원,,1_yvMhc6cem5QHyNbE5FgT8jK-VlKUeme,20241010_24-1259_호흡기APP ELISA_동물진료법인네스트(3025 인솔).pdf
24-1259_항원,2024-10-10,DB3025,인솔,협력,박지형,PRRS,항원,,1qXBWwWYDfIJV4svHhyS0PTZtSAz68LTT,20241010_24-1259_마이코플라즈마 ELISA_동물진료법인네스트(3025 인솔).pdf
24-1264_항원,2024-10-10,DB3021,화진,협력,양승혁,PRRS,항원,,1tvdgUGNlW-ZjxhF4Jhhe8w0R2tm42JSx,20241010_24-1264 최종 결과서_네스트(3021화진).pdf
24-1263_항원,2024-10-10,DB2011,서후,직영,박지형,PRRS,항원,,1pat1I1IfnlS6eKB-qY2GuDnIQTY6DpIU,20241010_24-1263 PED_PCR_동물진료법인네스트(2011서후).pdf
24-1263_항원,2024-10-10,DB2011,서후,직영,박지형,PRRS,항원,,1q-Q7AjcOGdJ8YAWBL2WQTDW98jtca-vN,20241010_24-1263_PRRS ELISA_동물진료법인네스트(2011 서후).pdf
24-1263_항원,2024-10-10,DB2011,서후,직영,박지형,PRRS,항원,,1edWhvlBSP79ZuccxBa3DTjSIDuZNS1Ho,20241010_24-1263 최종 결과서_네스트(2011서후).pdf
24-1259_항원,2024-10-08,DB3025,인솔,협력,박지형,PRRS,항원,,1SXRpk0zcwmGWPoPf_rHFxemEAAONXNxH,20241008_24-1259_PCV2 ELISA_동물진료법인네스트(3024 인솔).pdf
24-1259_항원,2024-10-08,DB3025,인솔,협력,박지형,PRRS,항원,,1YsPzeIdyOcAaq94kh6veUlrfbx3p3PD1,20241008_24-1259 PRRSV PCR_동물진료법인 네스트(3024인솔).pdf
24-1259_항원,2024-10-08,DB3025,인솔,협력,박지형,PRRS,항원,,1HbWPJcxlOQ-3uOftLuHTGBtnjh5GGeON,20241008_24-1259 PCV2 PCR_동물진료법인 네스트(3024인솔).pdf
24-1259_항원,2024-10-08,DB3025,인솔,협력,박지형,PRRS,항원,,17R9UUZAViVhFN_LtXJ6-RdS5LsyCosf2,20241008_24-1259_PRRS ELISA_동물진료법인네스트(3024 인솔).pdf
24-1257_항원,2024-10-08,DB1002,대덕,직영,박지형,PRRS,항원,,1XZVxIDxeW7Gippy1hYUV2-3hNgMyejJK,20241008_24-1257 PRRSV PCR_동물진료법인 네스트(1002대덕).pdf
24-1257_항원,2024-10-08,DB1002,대덕,직영,박지형,PRRS,항원,,1cq_MTO8s8hoMkkD_X6cQQgfQmwTdRNLI,20241008_24-1257_PRRS ELISA_동물진료법인네스트(1002 대덕).pdf
24-1255_항원,2024-10-08,DB2010,문강,직영,박지형,PRRS,항원,,1QUFbZXxX-4rkUPR5tRi0n6uerTJCXVLV,20241008_24-1255_PRRS ELISA_동물진료법인네스트(2010 문강).pdf
24-1255_항원,2024-10-08,DB2010,문강,직영,박지형,PRRS,항원,,1Iisb7KXhF6_Ivid7i_GI4qlhXPB_GD5V,20241008_24-1255 최종 결과서_네스트(2010문강).pdf
24-1254_항원,2024-10-08,DB3014,운도,협력,양승혁,PRRS,항원,,1cZLvXuJrTBIxug8LHs_gFOEcZhs3andO,20241008_24-1254 PRRSV PCR_동물진료법인 네스트(3014운도).pdf
24-1254_항원,2024-10-08,DB3014,운도,협력,양승혁,PRRS,항원,,1mPrJv2X-p3z-2b2Q5aHoz3wwJQA8Y8HW,20241008_24-1254 PED_PCR_동물진료법인네스트(3014운도).pdf
24-1254_항원,2024-10-08,DB3014,운도,협력,양승혁,PRRS,항원,,1dAQnKTsGPsJv-EQHj0wnXtMoYs3wrkYU,20241008_24-1254_PRRS ELISA_동물진료법인네스트(3014 운도).pdf
24-1253_항원,2024-10-08,DB3017,성산,협력,이희원,PRRS,항원,,1KNkDoFoInhjLQocmgdf_foEGKoSjMG9w,20241008_24-1253 PRRSV PCR_동물진료법인 네스트(3017성산).pdf
24-1253_항원,2024-10-08,DB3017,성산,협력,이희원,PRRS,항원,,1xkcHrzXWakzwK6n3FIDEUXaqnxDhYEgG,20241008_24-1253 PED_PCR_동물진료법인네스트(3017성산).pdf
24-1253_항원,2024-10-08,DB3017,성산,협력,이희원,PRRS,항원,,1rQhTzoab9xTtLEP8KNYx4FRyrwCYP0mP,20241008_24-1253_PRRS ELISA_동물진료법인네스트(3017 성산).pdf
24-1248_항원,2024-10-08,DB4003,유기,위탁장,박지형,PRRS,항원,,1IETaLbDL55-7n-MX9ZA9G0DPhCPQ9F8L,20241008_24-1248 PRRSV PCR_동물진료법인 네스트(4003유기).pdf
24-1248_항원,2024-10-08,DB4003,유기,위탁장,박지형,PRRS,항원,,1zPiy6QiAoAgpfWSGRTFUm1xlbfpkVvtz,20241008_24-1248 PED_PCR_동물진료법인네스트(4003유기).pdf
24-1248_항원,2024-10-08,DB4003,유기,위탁장,박지형,PRRS,항원,,1A4JN14qM7ZIF_jYUdG1IttRpfWBqw6qm,20241008_24-1248_PRRS ELISA_동물진료법인네스트(4003 유기).pdf
24-1252_항원,2024-10-08,DB3016,남도,협력,장석현,PRRS,항원,,18j9siE9Y3lkS63iHI6KWse3lPLViw_z1,20241008_24-1252 PED_PCR_동물진료법인네스트(3016남도).pdf
24-1252_항원,2024-10-08,DB3016,남도,협력,장석현,PRRS,항원,,1Co_G-0SuKoZX7S8K44VJMVol9e9TfdZ_,20241008_24-1252_PRRS ELISA_동물진료법인네스트(3016 남도).pdf
24-1252_항원,2024-10-08,DB3016,남도,협력,장석현,PRRS,항원,,1jjLlNcxvczarBr2z793lD4G2jjr2K1po,20241008_24-1252 최종 결과서_네스트(3016남도).pdf
24-1251_항원,2024-10-08,DB3007,효돈,협력,양승혁,PRRS,항원,,18qB9wUcnYCSdnVtopXQvI9ck6eAeQSg2,20241008_24-1251 PED_PCR_동물진료법인네스트(3007효돈).pdf
24-1251_항원,2024-10-08,DB3007,효돈,협력,양승혁,PRRS,항원,,10PMRzZCtNPrHEqIWW9Y-hhDGln8w3MZD,20241008_24-1251_PRRS ELISA_동물진료법인네스트(3007 효돈).pdf
24-1251_항원,2024-10-08,DB3007,효돈,협력,양승혁,PRRS,항원,,137AQPLJTQjprz7T9bG7dJUlJ4zppRVoY,20241008_24-1251 최종 결과서_네스트(3007효돈).pdf
24-1250_항원,2024-10-08,DB3002,삼경,협력,장석현,PRRS,항원,,1RecQTfPR6SsUyHYXUDH0YbgOvhYwlcnq,20241008_24-1250 PRRSV PCR_동물진료법인 네스트(3002삼경).pdf
24-1250_항원,2024-10-08,DB3002,삼경,협력,장석현,PRRS,항원,,1btoW18nvBevjt04L9Y3ueCS_zzD0Whqm,20241008_24-1250 PED_PCR_동물진료법인네스트(3002삼경).pdf
24-1250_항원,2024-10-08,DB3002,삼경,협력,장석현,PRRS,항원,,10aC8DttFKUjUJkCRXYmlF1w-mDmGZfx2,20241008_24-1250_PRRS ELISA_동물진료법인네스트(3002 삼경).pdf
24-1249_항원,2024-10-08,DB2015,다원,직영,고상억,PRRS,항원,,1UxZKnTnC_WdIVESFja9owPS8JMHO37_-,20241008_24-1249 PED_PCR_동물진료법인네스트(2015다원).pdf
24-1249_항원,2024-10-08,DB2015,다원,직영,고상억,PRRS,항원,,158FGbx4qi_MlYky5X-6tESWaakQtXi9m,20241008_24-1249_PRRS ELISA_동물진료법인네스트(2015다원).pdf
24-1249_항원,2024-10-08,DB2015,다원,직영,고상억,PRRS,항원,,1KHVouuXDgsV3rc2am-6zc-3l6wENLbo_,20241008_24-1249 최종 결과서_네스트(2015다원).pdf
24-1247_항원,2024-10-08,DB4014,버들,직영,양승혁,PRRS,항원,,1xr5t0buHhx2BcAUsjNvT5VmifoSaetrp,20241008_24-1247 PED_PCR_동물진료법인네스트(4014버들).pdf
24-1247_항원,2024-10-08,DB4014,버들,직영,양승혁,PRRS,항원,,1PcbyibwDiBFJn6PHXqzwYBDCLakMSrA0,20241008_24-1247_PRRS ELISA_동물진료법인네스트(4014 버들).pdf
24-1247_항원,2024-10-08,DB4014,버들,직영,양승혁,PRRS,항원,,1JUj4O-jT3eb75z76ga5wXIftA2DijH8y,20241008_24-1247 최종 결과서_네스트(4014버들).pdf
24-1246_항원,2024-10-08,DB5002,조치원,SP센터,이희원,PRRS,항원,,1q5kRqzvOhxYdYUdp0y4q0S88JRdoMJd0,20241008_24-1246_PRRS ELISA_동물진료법인네스트(5002 조치원).pdf
24-1246_항원,2024-10-08,DB5002,조치원,SP센터,이희원,PRRS,항원,,16tAELnN0-89jjCsDotTRe4-UuEAowchz,20241008_24-1246 최종 결과서_네스트(5002조치원).pdf
24-1245_항원,2024-10-08,DB2008,여울목,직영,고상억,PRRS,항원,,1RfQHBZhCZ16tKlVgKaSbTDIUUdDAd77K,20241008_24-1245_PRRS ELISA_동물진료법인네스트(2008 여울목).pdf
24-1245_항원,2024-10-08,DB2008,여울목,직영,고상억,PRRS,항원,,1DReO8uBzBOai1oF3WyL3kmmAnYSY0rlK,20241008_24-1245 최종 결과서_네스트(2008여울목).pdf
24-1245_항원,2024-10-08,DB2008,여울목,직영,고상억,PRRS,항원,,16OKc5LWt1eIrEKwBz9HDDEWpkE2yGDaE,20241008_24-1245 살모넬라_PCR_동물진료법인네스트(2008여울목).pdf
24-1244_항원,2024-10-08,DB5001,중원,SP센터,장석현,PRRS,항원,,13pMsAhOllIIPrF8fYR6HBDHlerlwpSmT,20241008_24-1244 최종 결과서_네스트(5001중원).pdf
24-1244_항원,2024-10-08,DB5001,중원,SP센터,장석현,PRRS,항원,,1Gan7KYrHrKINK-ZhEHN-TMwUwF4Oy7pw,20241008_24-1244 PRRSV PCR_동물진료법인 네스트(5001중원).pdf
24-1242_항원,2024-10-07,DB2014,진천,직영,박지형,PRRS,항원,,1A1cyRNinLMulBtu4zGA0q6fmYQSxtteH,20241007_24-1242 PRRSV PCR_동물진료법인 네스트(2014진천).pdf
24-1242_항원,2024-10-07,DB2014,진천,직영,박지형,PRRS,항원,,1Ybk8rynAJO8tq0SafPUzCjqGew7HPXBb,20241007_24-1242_PRRS ELISA_동물진료법인네스트(2014 진천).pdf
24-1235_항원,2024-10-04,DB1001,성진,직영,양승혁,PRRS,항원,,1OeclegbdOnX-i5PGcix_rzYmueS5Xh_N,20241004_24-1235_PRRS ELISA_동물진료법인네스트(1001 성진).pdf
24-1234_항원,2024-10-02,DB1002,대덕,직영,박지형,PRRS,항원,,1o8TefjWcdUBpnjnxKof87_KQNTpAag-4,20241002_24-1234 PRRSV PCR_동물진료법인 네스트(1002대덕).pdf
24-1234_항원,2024-10-02,DB1002,대덕,직영,박지형,PRRS,항원,,14Nnev8I5aBPCsQlvZb0h8tGLybCw4KoN,20241002_24-1234_PRRS ELISA_동물진료법인네스트(1002 대덕).pdf
24-1233_항원,2024-10-02,DB3002,삼경,협력,장석현,PRRS,항원,,1tM1f4zerncnLYvLdk0f-KwQY7F8NRHBw,20241002_24-1233 PED_PCR_동물진료법인네스트(3002삼경).pdf
24-1233_항원,2024-10-02,DB3002,삼경,협력,장석현,PRRS,항원,,1RqDsFvfp-dyLXmVwXtJvP0teM99ZimrT,20241002_24-1233_PRRS ELISA_동물진료법인네스트(3002 삼경).pdf
24-1233_항원,2024-10-02,DB3002,삼경,협력,장석현,PRRS,항원,,1WmjBYWMxoQYU5uxUpOQn1x9hjsspzmFc,20241002_24-1233 최종 결과서_네스트(3002삼경).pdf
24-1232_항원,2024-10-02,DB4003,유기,위탁장,박지형,PRRS,항원,,1HKaTt3aj5FqsHbdsBidaIgxbr2Xy3IQY,20241002_24-1232 PRRSV PCR_동물진료법인 네스트(4003유기).pdf
24-1232_항원,2024-10-02,DB4003,유기,위탁장,박지형,PRRS,항원,,1atapWu01vLdPTI8cEjxdE65zYxO9LCT2,20241002_24-1232 PED_PCR_동물진료법인네스트(4003유기).pdf
24-1232_항원,2024-10-02,DB4003,유기,위탁장,박지형,PRRS,항원,,1r-bYip-CNI5er9SDbuMcuKmGuRBg3Yr-,20241002_24-1232_PRRS ELISA_동물진료법인네스트(4003 유기).pdf
24-1231_항원,2024-10-02,DB4014,버들,직영,양승혁,PRRS,항원,,14UDr9ta2CNvIbTvab0xFtOBu72jwkNgo,20241002_24-1231 PED_PCR_동물진료법인네스트(4014버들).pdf
24-1231_항원,2024-10-02,DB4014,버들,직영,양승혁,PRRS,항원,,1KmmUViV8B0iSD7IoIWCgdAvGwunj4ehg,20241002_24-1231_PRRS ELISA_동물진료법인네스트(4014 버들).pdf
24-1231_항원,2024-10-02,DB4014,버들,직영,양승혁,PRRS,항원,,1Zm3j4wmXGCedx1WuWNr8CTVGOOQDSET6,20241002_24-1231 최종 결과서_네스트(4014버들).pdf
24-1230_항원,2024-10-02,DB2015,다원,직영,고상억,PRRS,항원,,1qGiJYtu3ZfdoqI0iiHgdn_zHOyJbKfG8,20241002_24-1230 PED_PCR_동물진료법인네스트(2015다원).pdf
24-1230_항원,2024-10-02,DB2015,다원,직영,고상억,PRRS,항원,,1rufCAddgoGXQP6ZOu8GsfS4JNiNBFvCg,20241002_24-1230_PRRS ELISA_동물진료법인네스트(2015 다원).pdf
24-1230_항원,2024-10-02,DB2015,다원,직영,고상억,PRRS,항원,,1rwRwxekaQM9q2DdaJMbJWLKNmJy9pAuA,20241002_24-1230 최종 결과서_네스트(2015다원).pdf
24-1229_항원,2024-10-02,DB3016,남도,협력,장석현,PRRS,항원,,1mgT5isCRcja44ioSKthHTRCL4HAESN-l,20241002_24-1229 PRRSV PCR_동물진료법인 네스트(3016남도).pdf
24-1229_항원,2024-10-02,DB3016,남도,협력,장석현,PRRS,항원,,1X9CSSr4ntpLlh8PhnO5ZEq0HCSfzYOjD,20241002_24-1229 PED_PCR_동물진료법인네스트(3016남도).pdf
24-1229_항원,2024-10-02,DB3016,남도,협력,장석현,PRRS,항원,,1H6G5_7kgeoBES3dX7qIfS4l2y5ypl86d,20241002_24-1229_PRRS ELISA_동물진료법인네스트(3016 남도).pdf
24-1228_항원,2024-10-02,DB3007,효돈,협력,양승혁,PRRS,항원,,1MYyyoJC6DmtK2me7JLkAsoFjHcjhFUFJ,20241002_24-1228 PED_PCR_동물진료법인네스트(3007효돈).pdf
24-1228_항원,2024-10-02,DB3007,효돈,협력,양승혁,PRRS,항원,,1KQzQDLNZ_YUrtFlAHYmF4e1v0AxJnpxd,20241002_24-1228_PRRS ELISA_동물진료법인네스트(3007 효돈).pdf
24-1228_항원,2024-10-02,DB3007,효돈,협력,양승혁,PRRS,항원,,1eBF8rj-uSNJcmQOcITR1NqojaenM0J9i,20241002_24-1228 최종 결과서_네스트(3007효돈).pdf
24-1227_항원,2024-10-02,DB3017,성산,협력,이희원,PRRS,항원,,18iyZc0l4nXm7VVn3zsUHTf7-6p4S7FTJ,20241002_24-1227 PED_PCR_동물진료법인네스트(3017성산).pdf
24-1227_항원,2024-10-02,DB3017,성산,협력,이희원,PRRS,항원,,1eD7fay-PgKuarz90VNEx0CNxNb0xX37-,20241002_24-1227_PRRS ELISA_동물진료법인네스트(3017 성산).pdf
24-1227_항원,2024-10-02,DB3017,성산,협력,이희원,PRRS,항원,,1fZsyNPeyG-ghVhJFQ4cKg-zWPQZaJi9a,20241002_24-1227 최종 결과서_네스트(3017성산).pdf
24-1226_항원,2024-10-02,DB3014,운도,협력,양승혁,PRRS,항원,,1sO7ul_eRAkUauhBMQh9q2PF6Yw8OJgdP,20241002_24-1226 PED_PCR_동물진료법인네스트(3014운도).pdf
24-1226_항원,2024-10-02,DB3014,운도,협력,양승혁,PRRS,항원,,132wF0jVyRcFnYR-7qwULZ0CWro0v8VCZ,20241002_24-1226_PRRS ELISA_동물진료법인네스트(3014 운도).pdf
24-1226_항원,2024-10-02,DB3014,운도,협력,양승혁,PRRS,항원,,1bQgvD4hz4VXsF7-BIJ-ziZWmZzyyGYUh,20241002_24-1226 최종 결과서_네스트(3014운도).pdf
24-1222_항원,2024-09-30,DB2006,대월,직영,고상억,PRRS,항원,,1QBtrvQ29NrFfXmFivyBeAGVkmgdrZn7m,20240930_24-1222 PED_PCR_동물진료법인네스트(2006대월).pdf
24-1212_항원,2024-09-30,동물진료법인네스트(3023 청주한빛),동물진료법인네스트(3023 청주한빛),-,-,PRRS,항원,,1t5BvL1lsueWuAvdcO6lZwuyx7pVfRKhr,20240930_24-1212_호흡기APP ELISA_동물진료법인네스트(3023 청주한빛).pdf
24-1212_항원,2024-09-30,동물진료법인네스트(3023 청주한빛),동물진료법인네스트(3023 청주한빛),-,-,PRRS,항원,,1NeyoI4OM6l2XJGUC5tgpD2ZwHtCa2WJw,20240930_24-1212_마이코플라즈마 ELISA_동물진료법인네스트(3023 청주한빛).pdf
24-1212_항원,2024-09-27,동물진료법인네스트(3023 청주한빛),동물진료법인네스트(3023 청주한빛),-,-,PRRS,항원,,1hRnEc-_bg-OYikc851bixlbFTdhDXhbS,20240927_24-1212_PRRS ELISA_동물진료법인네스트(3023 청주한빛).pdf
24-1212_항원,2024-09-27,동물진료법인 네스트(3023청주한빛),동물진료법인 네스트(3023청주한빛),-,-,PRRS,항원,,1ICNstefdb6vYTp9rtO6edesnBvFsHKkL,20240927_24-1212 PRRSV PCR_동물진료법인 네스트(3023청주한빛).pdf
24-1213_항원,2024-09-27,DB1001,성진,직영,양승혁,PRRS,항원,,1ENT86fs2NwCJAkmVYkIcVaVivpCSc-lH,20240927_24-1213 PRRSV PCR_동물진료법인 네스트(1001성진).pdf
24-1210_항원,2024-09-27,DB2010,문강,직영,박지형,PRRS,항원,,17qokw5P8h2l0sBg1K4HsWTHUFmaN3KS4,20240927_24-1210 PRRSV PCR_동물진료법인 네스트(2010문강).pdf
24-1207_항원,2024-09-26,DB2006,대월,직영,고상억,PRRS,항원,,1-EvMfx2qU90Ojtsszf_1QdfztLitLZ_4,20240926_24-1207_PRRS ELISA_동물진료법인네스트(2006 대월).pdf
24-1207_항원,2024-09-26,DB2006,대월,직영,고상억,PRRS,항원,,1OGQKr_rt8SvAmeCf8LrCmU6r5ZWEg_cV,20240926_24-1207 최종 결과서_네스트(2006대월).pdf
24-1204_항원,2024-09-25,DB3021,화진,협력,양승혁,PRRS,항원,,1Dw5_XGohvGex7vHOuEpnPNTlKRaIXQRS,20240925_24-1204 최종 결과서_네스트(3021화진).pdf
24-1203_항원,2024-09-25,DB4003,유기,위탁장,박지형,PRRS,항원,,1raZZkC9LFs4oml3UJGR--YuRjrNnVV_I,20240925_24-1203 PED_PCR_동물진료법인네스트(4003유기).pdf
24-1203_항원,2024-09-25,DB4003,유기,위탁장,박지형,PRRS,항원,,16qyC43rlRdC_XmbDcedkYAuEncGY-dEI,20240925_24-1203_PRRS ELISA_동물진료법인네스트(4003 유기).pdf
24-1203_항원,2024-09-25,DB4003,유기,위탁장,박지형,PRRS,항원,,1aqrV4xKPkDvQC6t4Q63aBk6_hvJnFpTE,20240925_24-1203 최종 결과서_네스트(4003유기).pdf
24-1202_항원,2024-09-25,DB2008,여울목,직영,고상억,PRRS,항원,,11hFXrQ8AWxWG3eX4Pj1KiEBLjA2vA1Vv,20240925_24-1202 PRRSV PCR_동물진료법인 네스트(2008여울목).pdf
24-1202_항원,2024-09-25,DB2008,여울목,직영,고상억,PRRS,항원,,1QmBZU2ytVIv3_GypyProrYA5L-p_pea5,20240925_24-1202_PRRS ELISA_동물진료법인네스트(2008여울목).pdf
24-1201_항원,2024-09-25,DB5002,조치원,SP센터,이희원,PRRS,항원,,1CtTjxS0ziXJtMqK8CCxrElaIKKMGMpLf,20240925_24-1201_PRRS ELISA_동물진료법인네스트(5002조치원).pdf
24-1201_항원,2024-09-25,DB5002,조치원,SP센터,이희원,PRRS,항원,,1SRNqh5JDHJqLR4tJ7REF21lbi3YtWsib,20240925_24-1201 최종 결과서_네스트(5002조치원).pdf
24-1196_항원,2024-09-25,DB3017,성산,협력,이희원,PRRS,항원,,1GprEoY_LDlOcr3NWRU1iz40a9mVZmCzv,20240925_24-1196_호흡기APP ELISA_동물진료법인네스트(3017 성산).pdf
24-1196_항원,2024-09-25,DB3017,성산,협력,이희원,PRRS,항원,,1j3IwtED5HlXJteJdaWw2yqc2ugk2pKJe,20240925_24-1196_마이코플라즈마 ELISA_동물진료법인네스트(3017 성산).pdf
24-1197_항원,2024-09-24,DB5001,중원,SP센터,장석현,PRRS,항원,,1N3JyTV5l2fK1f9O8sQzmiBSyYT4YG455,20240924_24-1197 PRRSV PCR_동물진료법인 네스트(5001중원).pdf
24-1197_항원,2024-09-24,DB5001,중원,SP센터,장석현,PRRS,항원,,1YxSS8kmdDgam4an1KlZsAxvy70ek_1LL,20240924_24-1197 PRRSV nPCR_동물진료법인 네스트(5001중원).pdf
24-1197_항원,2024-09-24,DB5001,중원,SP센터,장석현,PRRS,항원,,11LAhSnZMM-5lI7CrPVaUu7l_W-9SkKsp,20240924_24-1197_PRRS ELISA_동물진료법인네스트(5001 중원).pdf
24-1196_항원,2024-09-24,DB3017,성산,협력,이희원,PRRS,항원,,1vAKFrW14qFPig1TtsMNCOZntAozEu1SV,20240924_24-1196_PRRS ELISA_동물진료법인네스트(3017 성산).pdf
24-1196_항원,2024-09-24,DB3017,성산,협력,이희원,PRRS,항원,,1UopUaIXysLACdIN4Sjq6nD3yKa9RYzhh,20240924_24-1196 PRRSV PCR_동물진료법인 네스트(3017성산).pdf
24-1195_항원,2024-09-24,DB2015,다원,직영,고상억,PRRS,항원,,1hjFDweiHtDX6w4LtLzImC7_cayHQpIen,20240924_24-1195 PED_PCR_동물진료법인네스트(2015다원).pdf
24-1195_항원,2024-09-24,DB2015,다원,직영,고상억,PRRS,항원,,1sU1wGjHaymbv9wPTdy4eG2k2RtpaDXaZ,20240924_24-1195_PRRS ELISA_동물진료법인네스트(2015 다원).pdf
24-1195_항원,2024-09-24,DB2015,다원,직영,고상억,PRRS,항원,,1mfsz2X8izPROKxmlm4_23nIHFRljvY2a,20240924_24-1195 최종 결과서_네스트(2015다원).pdf
24-1194_항원,2024-09-24,DB3002,삼경,협력,장석현,PRRS,항원,,1Egkpls0s8VftTUKumW6Pq3ioybPSjymP,20240924_24-1194 PRRSV PCR_동물진료법인 네스트(3002삼경).pdf
24-1194_항원,2024-09-24,DB3002,삼경,협력,장석현,PRRS,항원,,1Jm-JaT5lgFBoDgy7aKYUgb3vB7gCy8SU,20240924_24-1194 PED_PCR_동물진료법인네스트(3002삼경).pdf
24-1194_항원,2024-09-24,DB3002,삼경,협력,장석현,PRRS,항원,,1mwFEFliODRkY9afk-t6o3PWsa9Ra8spx,20240924_24-1194_PRRS ELISA_동물진료법인네스트(3002 삼경).pdf
24-1193_항원,2024-09-24,DB3016,남도,협력,장석현,PRRS,항원,,1iROZ8-DnXtXH1Hyc8LSdP943ptCj8mC9,20240924_24-1193 PRRSV PCR_동물진료법인 네스트(3016남도).pdf
24-1193_항원,2024-09-24,DB3016,남도,협력,장석현,PRRS,항원,,1Y5r7XvFoLBrKQ4a4RIHvZ1vPWwzR59-S,20240924_24-1193 PED_PCR_동물진료법인네스트(3016남도).pdf
24-1193_항원,2024-09-24,DB3016,남도,협력,장석현,PRRS,항원,,1b6vWn0LRYhWLwNFaIInqQej8ifLlwrLm,20240924_24-1193_PRRS ELISA_동물진료법인네스트(3016 남도).pdf
24-1192_항원,2024-09-24,DB4014,버들,직영,양승혁,PRRS,항원,,1EgwVeIDOH6v3_VIG1Scc1VcBR9rQeGkh,20240924_24-1192 PRRSV PCR_동물진료법인 네스트(4014버들).pdf
24-1192_항원,2024-09-24,DB4014,버들,직영,양승혁,PRRS,항원,,1D2AS_zJsChS5K-QJkEVIFFhHBdhYyzhM,20240924_24-1192 PED_PCR_동물진료법인네스트(4014버들).pdf
24-1192_항원,2024-09-24,DB4014,버들,직영,양승혁,PRRS,항원,,1JNUbZSpfizPAiYW1qYyZahAqm5S-pWOT,20240924_24-1192_PRRS ELISA_동물진료법인네스트(4014 버들).pdf
24-1191_항원,2024-09-24,DB3007,효돈,협력,양승혁,PRRS,항원,,1yYFbNY7AB5th1393obhtvXfsTPSJbdjM,20240924_24-1191 PRRSV PCR_동물진료법인 네스트(3007효돈).pdf
24-1191_항원,2024-09-24,DB3007,효돈,협력,양승혁,PRRS,항원,,1r6tXX5JBZRZZkiY3jWP-kmSu55aex4q-,20240924_24-1191 PED_PCR_동물진료법인네스트(3007효돈).pdf
24-1191_항원,2024-09-24,DB3007,효돈,협력,양승혁,PRRS,항원,,19NNcioSouqvvo98JOj4GSWfsF7SjaVTP,20240924_24-1191_PRRS ELISA_동물진료법인네스트(3007 효돈).pdf
24-1188_항원,2024-09-20,DB2009,해림,직영,이희원,PRRS,항원,,1TzXD3pO4M1LBmIICHGjQxLgvmdDayf4b,20240920_24-1188 최종 결과서_네스트(2009해림).pdf
24-1187_항원,2024-09-20,DB1001,성진,직영,양승혁,PRRS,항원,,1Mjc_UxIdMg8r2_WgxGacRYwSkoTDzHLR,20240920_24-1187 PRRSV PCR_동물진료법인 네스트(1001성진).pdf
24-1187_항원,2024-09-20,DB1001,성진,직영,양승혁,PRRS,항원,,1WI4SUYOYFNIT42USogxxf7UxuvfZP-jj,20240920_24-1187_PRRS ELISA_동물진료법인네스트(1001성진).pdf
24-1186_항원,2024-09-20,DB3007,효돈,협력,양승혁,PRRS,항원,,1IcvgPb6cUQzt9X8Ya2J2768FIQUK-IEs,20240920_24-1186 PRRSV PCR_동물진료법인 네스트(3007효돈).pdf
24-1186_항원,2024-09-20,DB3007,효돈,협력,양승혁,PRRS,항원,,1vsNFd4RqSm5EQBl1nYSAlg92Nwn3bYy8,20240920_24-1186 PED_PCR_동물진료법인네스트(3007효돈).pdf
24-1186_항원,2024-09-20,DB3007,효돈,협력,양승혁,PRRS,항원,,1_RlTTt5qA8mgovz37xc8hvVuKV7epod-,20240920_24-1186_PRRS ELISA_동물진료법인네스트(3007효돈).pdf
24-1185_항원,2024-09-20,DB4003,유기,위탁장,박지형,PRRS,항원,,1f1nHnT6RhbJhimYVFN5tZ77OlVGQwHJS,20240920_24-1185 PRRSV PCR_동물진료법인 네스트(4003유기).pdf
24-1185_항원,2024-09-20,DB4003,유기,위탁장,박지형,PRRS,항원,,1mc_Dh0AtHfbbJRyOz2nAZ5-7Bie2rGgX,20240920_24-1185 PED_PCR_동물진료법인네스트(4003유기).pdf
24-1185_항원,2024-09-20,DB4003,유기,위탁장,박지형,PRRS,항원,,17Q5MiuV1k5Q2cbvbBrK2h-Dfjbaqj3n1,20240920_24-1185_PRRS ELISA_동물진료법인네스트(4003유기).pdf
24-1184_항원,2024-09-20,DB2015,다원,직영,고상억,PRRS,항원,,1vU33mhC0xdlimb2aHAnHVpVjphE71dHX,20240920_24-1184 PED_PCR_동물진료법인네스트(2015다원).pdf
24-1184_항원,2024-09-20,DB2015,다원,직영,고상억,PRRS,항원,,1wjqwit9r3IIZUoOJPE0blKGLsjSAZ3AP,20240920_24-1184_PRRS ELISA_동물진료법인네스트(2015다원).pdf
24-1184_항원,2024-09-20,DB2015,다원,직영,고상억,PRRS,항원,,1iIm0WEIKt_9KbKV_fnwuqP_X8tqw3lLF,20240920_24-1184 최종 결과서_네스트(2015다원).pdf
24-1149_항원,2024-09-20,DB2009,해림,직영,이희원,PRRS,항원,,18dRRGG6bQwMHDcGWwE5UA6gWBsJ0al2v,20240920_24-1149_마이코플라즈마 ELISA_동물진료법인네스트(2009해림).pdf
24-1149_항원,2024-09-20,DB2009,해림,직영,이희원,PRRS,항원,,1a9iL2blZRy4op_zrLwDl2xKNuu6EfOmg,20240920_24-1149 최종 결과서_네스트(2009해림).pdf
24-1149_항원,2024-09-20,DB2009,해림,직영,이희원,PRRS,항원,,1-n2km2fVs3V5twZ5Fd5pz0mtTBsnxNtm,20240920_24-1149 PED_PCR_동물진료법인네스트(2009해림).pdf
24-1149_항원,2024-09-20,DB2009,해림,직영,이희원,PRRS,항원,,19HL1SxSP3iAsJzbl1jJ5UhoJf93iIUgU,20240920_24-1149_호흡기 APP ELISA_동물진료법인네스트(2009해림).pdf
24-1176_항원,2024-09-12,DB2006,대월,직영,고상억,PRRS,항원,,1iMa4Zc2LThX-d3-9m0cIIjO5UGxOiDPf,20240912_24-1176 PRRSV PCR_동물진료법인 네스트(2006대월).pdf
24-1176_항원,2024-09-12,DB2006,대월,직영,고상억,PRRS,항원,,1RoNAvtA3S6urR60AmCG4pva2DdPPpjIa,20240912_24-1176_PRRS ELISA_동물진료법인네스트(2006대월).pdf
24-1173_항원,2024-09-11,DB5001,중원,SP센터,장석현,PRRS,항원,,1RCVyrZTdIVLdO90DoKiDilLshuKQOyTK,20240911_24-1173_PRRS ELISA_동물진료법인네스트(5001중원).pdf
24-1173_항원,2024-09-11,DB5001,중원,SP센터,장석현,PRRS,항원,,1hYbVXTtuREvfu-18xhgAlXC7mqBMng8q,20240911_24-1173 최종 결과서_네스트(5001중원).pdf
24-1172_항원,2024-09-11,DB3016,남도,협력,장석현,PRRS,항원,,1MyGg65wZFOOGOCaOJzS9h12qkxh4T2jg,20240911_24-1172 PRRSV PCR_동물진료법인 네스트(3016남도).pdf
24-1172_항원,2024-09-11,DB3016,남도,협력,장석현,PRRS,항원,,1mDHCWC9PJVRY1KeuJV6I7BMKCfcv0dVX,20240911_24-1172 PED_PCR_동물진료법인네스트(3016남도).pdf
24-1172_항원,2024-09-11,DB3016,남도,협력,장석현,PRRS,항원,,1TD2n3TzzzVsIBb__FSSj7GCssehCq69e,20240911_24-1172_PRRS ELISA_동물진료법인네스트(3016남도).pdf
24-1169_항원,2024-09-10,DB4003,유기,위탁장,박지형,PRRS,항원,,1UHXXnN8AR7ourTfWMXiLaN6fOPxaX88b,20240910_24-1169_PRRS ELISA_동물진료법인네스트(4003유기).pdf
24-1169_항원,2024-09-10,DB4003,유기,위탁장,박지형,PRRS,항원,,15aWkRrZlC9sJwa71P_u4_J2lyoZ7BvRj,20240910_24-1169 최종 결과서_네스트(4003유기).pdf
24-1169_항원,2024-09-10,DB4003,유기,위탁장,박지형,PRRS,항원,,1pHO4bh17YiFXaC88QSVnCr3AA2mEA79z,20240910_24-1169 PRRSV PCR_동물진료법인 네스트(4003유기).pdf
24-1168_항원,2024-09-10,DB3007,효돈,협력,양승혁,PRRS,항원,,13V9dU1iaYBNSR5Bz7uxJif2AUHb1U-58,20240910_24-1168 PRRSV PCR_동물진료법인 네스트(3007효돈).pdf
24-1168_항원,2024-09-10,DB3007,효돈,협력,양승혁,PRRS,항원,,1GYRHz7w2WxN3IGMoiLI66oxMzeWPIJmH,20240910_24-1168 PED_PCR_동물진료법인네스트(3007효돈).pdf
24-1168_항원,2024-09-10,DB3007,효돈,협력,양승혁,PRRS,항원,,1P8mL0gGRfR71I3y27mLjamnbb_caNT6K,20240910_24-1168_PRRS ELISA_동물진료법인네스트(3007효돈).pdf
24-1167_항원,2024-09-10,DB3017,성산,협력,이희원,PRRS,항원,,1QN35DRx1Rk6nKOT3h1Tyeclo_v96hy1M,20240910_24-1167 PED_PCR_동물진료법인네스트(3017성산).pdf
24-1167_항원,2024-09-10,DB3017,성산,협력,이희원,PRRS,항원,,1bvbZhdT3NrU39GxDREd1dhJSC7aHVaU3,20240910_24-1167_PRRS ELISA_동물진료법인네스트(3017성산).pdf
24-1167_항원,2024-09-10,DB3017,성산,협력,이희원,PRRS,항원,,1ihMzUn-1kVsQZasA3i2x1bpKZU698kNY,20240910_24-1167 PRRSV PCR_동물진료법인 네스트(3017성산).pdf
24-1166_항원,2024-09-10,DB3014,운도,협력,양승혁,PRRS,항원,,1JXZIM21p5UBqj68HrXA-04WRkJMwEYFp,20240910_24-1166_PRRS ELISA_동물진료법인네스트(3014운도).pdf
24-1166_항원,2024-09-10,DB3014,운도,협력,양승혁,PRRS,항원,,16_TkyPL1pP4PJOIPyqZH35jBVb6cplf6,20240910_24-1166 최종 결과서_네스트(3014운도).pdf
24-1166_항원,2024-09-10,DB3014,운도,협력,양승혁,PRRS,항원,,17HwBzNNYvvu81Qm3trx2Yy2VTtT9xpC6,20240910_24-1166 PRRSV PCR_동물진료법인 네스트(3014운도).pdf
24-1165_항원,2024-09-10,DB2015,다원,직영,고상억,PRRS,항원,,1IOfZndatQipZcOlOxu-MlWDnQTaIzG8v,20240910_24-1165 PED_PCR_동물진료법인네스트(2015다원).pdf
24-1165_항원,2024-09-10,DB2015,다원,직영,고상억,PRRS,항원,,1ZdE3ns4rlBFieflkq2nJstriKa7d9-X6,20240910_24-1165_PRRS ELISA_동물진료법인네스트(2015다원).pdf
24-1165_항원,2024-09-10,DB2015,다원,직영,고상억,PRRS,항원,,1L6OKwkUDjbwHML8VL7yCEZAimK4OZbEj,20240910_24-1165 최종 결과서_네스트(2015다원).pdf
24-1164_항원,2024-09-10,DB3002,삼경,협력,장석현,PRRS,항원,,1qrzuyp1JlALC3rayVRxIG9xf-AGEKyCo,20240910_24-1164 PED_PCR_동물진료법인네스트(3002삼경).pdf
24-1164_항원,2024-09-10,DB3002,삼경,협력,장석현,PRRS,항원,,1zTUftVmIdr3-y-XeaMLobccSQVKspaAo,20240910_24-1164 최종 결과서_네스트(3002삼경).pdf
24-1164_항원,2024-09-10,DB3002,삼경,협력,장석현,PRRS,항원,,1EuEEPINIEZjEv6FBbp2nw6VBNu4ffOgD,20240910_24-1164 PRRSV PCR_동물진료법인 네스트(3002삼경).pdf
24-1159_항원,2024-09-06,DB2011,서후,직영,박지형,PRRS,항원,,1I1JFyLrrUQ0S1wti3E1O92X45J9g8bNx,20240906_24-1159 PRRSV PCR_동물진료법인 네스트(2011서후).pdf
24-1159_항원,2024-09-06,DB2011,서후,직영,박지형,PRRS,항원,,1MXJyqO6_PLTlawrrqctay3FNxzTMZETm,20240906_24-1159_PRRS ELISA_동물진료법인네스트(2011서후).pdf
24-1158_항원,2024-09-06,DB3021,화진,협력,양승혁,PRRS,항원,,1S-3fF4WcnsqWkdGEaOuAhZhfH-Cdc_Iq,20240906_24-1158 PED_PCR_동물진료법인네스트(3021화진).pdf
24-1149_항원,2024-09-06,DB2009,해림,직영,이희원,PRRS,항원,,10Ettou7kWNNm_GBmnnsfDVmBTRG6R7wq,20240906_24-1149_마이코플라즈마 ELISA_동물진료법인네스트(2009해림).pdf
24-1149_항원,2024-09-06,DB2009,해림,직영,이희원,PRRS,항원,,1CHENYl29SDLIi5Q8Dfn6iyWSk8xZNsG8,20240906_24-1149_호흡기 APP ELISA_동물진료법인네스트(2009해림).pdf
24-1155_항원,2024-09-05,DB4003,유기,위탁장,박지형,PRRS,항원,,1hXcFpLvkqnxPSSx7Y7jjasbf6djURDmf,20240905_24-1155 PRRSV PCR_동물진료법인 네스트(4003유기).pdf
24-1155_항원,2024-09-05,DB4003,유기,위탁장,박지형,PRRS,항원,,14wvjs1pt-ah_gM9fIII5Cf54X8lP88t5,20240905_24-1155_PRRS ELISA_동물진료법인네스트(4003유기).pdf
24-1153_항원,2024-09-05,DB1001,성진,직영,양승혁,PRRS,항원,,1P2hAf4m4kSONPVGkf4F8TyLSn7ajSfzd,20240905_24-1153 PRRSV PCR_동물진료법인네스트(1001성진).pdf
24-1153_항원,2024-09-05,DB1001,성진,직영,양승혁,PRRS,항원,,1qTWE0N9uRj0OrVc8q_fTuRL3rSynT6Qf,20240905_24-1153_PRRS ELISA_동물진료법인네스트(1001성진).pdf
24-1149_항원,2024-09-04,DB2009,해림,직영,이희원,PRRS,항원,,1D_Y3MbCl41_KsKFgSiwxXBkjhOLJ5OgK,20240904_24-1149 PED_PCR_동물진료법인네스트(2009해림).pdf
24-1147_항원,2024-09-04,DB5002,조치원,SP센터,이희원,PRRS,항원,,12fYuXSsWOgqIzgI15yLTIbA0atVs6eXe,20240904_24-1147 PED_PCR_동물진료법인네스트(5002조치원).pdf
24-1147_항원,2024-09-04,DB5002,조치원,SP센터,이희원,PRRS,항원,,1yRKJLma6Z5sW8vjWWN0vheKvZ-6puPYW,20240904_24-1147 PRRSV PCR(차량거즈)_동물진료법인 네스트(5002조치원).pdf
24-1147_항원,2024-09-03,DB5002,조치원,SP센터,이희원,PRRS,항원,,1O4kXi3AnKWEN0VTsKeYKoWpn4RNE-cFD,20240903_24-1147_PRRS ELISA_동물진료법인네스트(5002 조치원).pdf
24-1147_항원,2024-09-03,DB5002,조치원,SP센터,이희원,PRRS,항원,,14QyNc28QCZZoS0rMjtMKXtQRik1-nepQ,20240903_24-1147 최종 결과서_네스트(5002조치원).pdf
24-1147_항원,2024-09-03,DB5002,조치원,SP센터,이희원,PRRS,항원,,1nr3KTOLzInLwg26YaiZmb5Kh3PNMOUS-,20240903_24-1147 PRRSV PCR_동물진료법인네스트(5002 조치원).pdf
24-1146_항원,2024-09-03,DB2008,여울목,직영,고상억,PRRS,항원,,1I86dfiyggq_cvLhamfa6yvExI3RAjlf_,20240903_24-1146_PRRS ELISA_동물진료법인네스트(2008 여울목).pdf
24-1146_항원,2024-09-03,DB2008,여울목,직영,고상억,PRRS,항원,,1A3rvUd1jhCRLwtSXKOYML_8dr3LxSlpB,20240903_24-1146 최종 결과서_네스트(2008여울목).pdf
24-1145_항원,2024-09-03,DB5001,중원,SP센터,장석현,PRRS,항원,,1wQlzcK0LzDpKZCmzFlfo1K2xH3ChSes-,20240903_24-1145_PRRS ELISA_동물진료법인네스트(5001 중원).pdf
24-1145_항원,2024-09-03,DB5001,중원,SP센터,장석현,PRRS,항원,,1y3nORdm9tZe2da_TqW26nYGpyl3acagW,20240903_24-1145 최종 결과서_네스트(5001중원).pdf
24-1144_항원,2024-09-03,DB4003,유기,위탁장,박지형,PRRS,항원,,13Bp2ZNtfMvskMzgyhF2rywdivdjA7UAT,20240903_24-1144_PRRS ELISA_동물진료법인네스트(4003 유기).pdf
24-1144_항원,2024-09-03,DB4003,유기,위탁장,박지형,PRRS,항원,,1Mo0cAVUC-uhsKbMfkZuglPZ6l_qzflJ6,20240903_24-1144 최종 결과서_네스트(4003유기).pdf
24-1144_항원,2024-09-03,DB4003,유기,위탁장,박지형,PRRS,항원,,15JhJO2FKtVrt8JKuZf2hgIQTvdj5vZOz,20240903_24-1144 PRRSV PCR_동물진료법인네스트(4003 유기).pdf
24-1143_항원,2024-09-03,DB3014,운도,협력,양승혁,PRRS,항원,,1bNEijg_kKdcvJ-brGvZmr4LQ6QiCu7Im,20240903_24-1143 PED_PCR_동물진료법인네스트(3014운도).pdf
24-1143_항원,2024-09-03,DB3014,운도,협력,양승혁,PRRS,항원,,1APaVK9X7Ae_T1dlPPq4yU3HpNWJd1sCr,20240903_24-1143_PRRS ELISA_동물진료법인네스트(3014 운도).pdf
24-1143_항원,2024-09-03,DB3014,운도,협력,양승혁,PRRS,항원,,1biAKLBnJJCyLlR5r6FniDizKgJBZ4ZSc,20240903_24-1143 최종 결과서_네스트(3014운도).pdf
24-1142_항원,2024-09-03,DB3007,효돈,협력,양승혁,PRRS,항원,,19Z4pPEbNmHz_DbDaQCdWKmyxa1Bt7z5m,20240903_24-1142_PRRS ELISA_동물진료법인네스트(3007 효돈).pdf
24-1142_항원,2024-09-03,DB3007,효돈,협력,양승혁,PRRS,항원,,1xpb1dalINhdVA9JA8XjUixdkYWlRcvsp,20240903_24-1142 최종 결과서_네스트(3007효돈).pdf
24-1142_항원,2024-09-03,DB3007,효돈,협력,양승혁,PRRS,항원,,1B8qU5LaCsLiUNR_ka10nK71lqo_fsy95,20240903_24-1142 PRRSV PCR_동물진료법인네스트(3007 효돈).pdf
24-1141_항원,2024-09-03,DB2015,다원,직영,고상억,PRRS,항원,,17QWKyjSD5izY6N3TB2hS4mA6Y0YuyqYY,20240903_24-1141 PRRSV PCR_동물진료법인네스트(2015 다원).pdf
24-1141_항원,2024-09-03,DB2015,다원,직영,고상억,PRRS,항원,,1fARI21brsoEMw7z_AgJcb7hhJc0ci7HQ,20240903_24-1141 PED_PCR_동물진료법인네스트(2015다원).pdf
24-1141_항원,2024-09-03,DB2015,다원,직영,고상억,PRRS,항원,,1hYc12BE78y75zMJyn6BMLZkkhRJDLx-N,20240903_24-1141_PRRS ELISA_동물진료법인네스트(2015 다원).pdf
24-1140_항원,2024-09-03,DB3016,남도,협력,장석현,PRRS,항원,,1E0WeXmPV8vKgSL25JRn5F9mZPq1YByAV,20240903_24-1140 PED_PCR_동물진료법인네스트(3016남도).pdf
24-1140_항원,2024-09-03,DB3016,남도,협력,장석현,PRRS,항원,,1C_ssCaMCWTjt_k83tYLipstbauP52wlM,20240903_24-1140_PRRS ELISA_동물진료법인네스트(3016 남도).pdf
24-1140_항원,2024-09-03,DB3016,남도,협력,장석현,PRRS,항원,,1kG3wiO6jyMW6FeJEGU7dowWWurDJSIDH,20240903_24-1140 최종 결과서_네스트(3016남도).pdf
24-1139_항원,2024-09-03,DB3002,삼경,협력,장석현,PRRS,항원,,1L_0Z8GhHAQcMia_UXxqeKUWuB9Xrns5C,20240903_24-1139 PRRSV PCR_동물진료법인네스트(3002 삼경).pdf
24-1139_항원,2024-09-03,DB3002,삼경,협력,장석현,PRRS,항원,,18_SI_IIml3jgPgGTYsEGOKVy8-2NR-bU,20240903_24-1139 PED_PCR_동물진료법인네스트(3002삼경).pdf
24-1139_항원,2024-09-03,DB3002,삼경,협력,장석현,PRRS,항원,,1V4hAvOzG98BEFUXTtqtckCbVf06u9wMM,20240903_24-1139_PRRS ELISA_동물진료법인네스트(3002삼경).pdf
24-1138_항원,2024-09-03,DB3017,성산,협력,이희원,PRRS,항원,,1JAOR3blA9vmFY1WlMXTgojiqtjYriYYV,20240903_24-1138 PRRSV PCR_동물진료법인네스트(3017성산).pdf
24-1138_항원,2024-09-03,DB3017,성산,협력,이희원,PRRS,항원,,18Tmbl_tZENGGbU1upiSRK8-KzSiDaLoz,20240903_24-1138 PED_PCR_동물진료법인네스트(3017성산).pdf
24-1138_항원,2024-09-03,DB3017,성산,협력,이희원,PRRS,항원,,1g_eCnZuVqTNGSBgGbyvCLxrwXV7d38MQ,20240903_24-1138_PRRS ELISA_동물진료법인네스트(3017성산).pdf
24-07503_항체,2024-08-29,DB1001,성진,직영,양승혁,PRRS,항체,,1nfHzx3Sv3Uda7phP8aiNdKh1N8JbCVno,20240829_(혈청) 24-07503 DB4003.pdf
24-03629_항원,2024-04-29,DB1001,성진,직영,양승혁,PRRS,항원,,1xp3yPhWQXWSfF6cpM0xUPTYQmKSruM4K,20240429_(항원) 24-03629 중원SP센터(DB5001).pdf
24-02584_항체,2024-03-28,DB1001,성진,직영,양승혁,PRRS,항체,,1xfeEg5X87wGDK1E8gVi4g7zBCcEWMNQa,20240328_(혈청) 24-02584 구룡축산.pdf